上位のクエリ,クリック数,表示回数,CTR,掲載順位
シルバーウィーク 果物狩り,15,412,3.64%,6.15
シルバーウィーク グランピング,11,363,3.03%,6.5
洞窟温泉,9,168,5.36%,6.95
グランピング シルバーウィーク,5,258,1.94%,7.82
シルバーウィーク ぶどう狩り,5,98,5.1%,7.14
シルバーウィーク フルーツ狩り,5,97,5.15%,7.95
洞窟 温泉,4,33,12.12%,7.64
リブマックスリゾート越後湯沢 ブログ,4,20,20%,9.9
東北新幹線 シルバーウィーク,3,96,3.12%,5.22
シルバーウィーク 2026 穴場,3,35,8.57%,10.46
奥州 平泉温泉旅館 itsumu ブログ,3,8,37.5%,8.25
シルバーウィーク 梨狩り,2,37,5.41%,6.38
シルバーウィーク 穴場 温泉,2,23,8.7%,7.52
高松国際ホテル 朝食,2,19,10.53%,8.11
ラルク link ロケ地,2,14,14.29%,4.21
ボルダリング ホテル,2,9,22.22%,5.22
東急ステイ札幌 大浴場,2,5,40%,10.4
登別温泉 登別グランドホテル,2,2,100%,13.5
日本全国ご当地特集,1,139,0.72%,4.85
全国ご当地特集,1,52,1.92%,5.4
洞窟風呂,1,48,2.08%,7.9
ぶどう狩り シルバーウィーク,1,31,3.23%,8.42
棚田温泉,1,28,3.57%,8.21
リブ マックス リゾート越後湯沢 ブログ,1,20,5%,8.15
シルバーウィーク旅行 穴場,1,20,5%,21.8
リブマックスリゾート越後湯沢,1,19,5.26%,13.32
泉佐野センターホテル 朝食,1,18,5.56%,10.33
シルバーウィーク 直前割,1,17,5.88%,22.12
阿蘇プラザホテル 朝食,1,16,6.25%,9
指宿 霧島 どっち,1,16,6.25%,10.62
雲海の見えるホテル,1,12,8.33%,6.08
由布院温泉グランピング 風の響き レビュー,1,10,10%,11.9
阿蘇プラザホテル 朝食 時間,1,9,11.11%,6.67
yu kiroro 北海道,1,9,11.11%,8.78
群馬県 有名なもの,1,9,11.11%,20
雲海が見える宿 ランキング,1,8,12.5%,4.12
棚田 温泉,1,8,12.5%,6.38
湯沢グランドホテル 露天風呂付客室 ブログ,1,8,12.5%,8.62
しまなみ海道 温泉 絶景,1,8,12.5%,10.38
シルバーウィーク 花畑,1,7,14.29%,9.86
高千穂 高級 旅館,1,7,14.29%,11.29
富山県 有名なもの,1,7,14.29%,21.71
abホテル木更津 朝食,1,6,16.67%,9.67
雲海が見れるホテル,1,6,16.67%,10.17
宮島コーラルホテル 風呂,1,6,16.67%,10.5
シアタールーム ホテル,1,6,16.67%,11.17
松原荘 水俣市 レビュー,1,6,16.67%,12.17
シルバーウィーク 穴場 国内,1,6,16.67%,16.5
シルバーウィーク 旅行 穴場,1,6,16.67%,18
栃木 有名なもの,1,6,16.67%,20.67
岐阜県 有名なもの,1,6,16.67%,24.17
ネイチャーリゾート,1,5,20%,5.8
果物狩り シルバーウィーク,1,5,20%,8
仙台 観光 10月,1,5,20%,19.2
岐阜県有名なもの,1,5,20%,25
洞窟 風呂,1,4,25%,4
雲海が見える宿,1,4,25%,7.5
舟盛り 宿 おすすめ,1,4,25%,8.75
石和温泉 慶山 朝食,1,4,25%,9.25
都道府県 お土産,1,4,25%,10
センティアホテル内藤 レビュー,1,4,25%,10.25
シルバーウィーク 穴場 関東,1,4,25%,12.75
珈琲 元 年 南陽 茶屋 店 休業 なぜ,1,4,25%,14.5
熱川一柳閣,1,3,33.33%,6.67
シルバーウィーク 関東 穴場,1,3,33.33%,12
大仁ホテル 口コミ,1,3,33.33%,34.33
うなぎ 旅館 ランキング,1,2,50%,5.5
シルバーウィーク 新幹線 東北,1,2,50%,6
山形屋 朝食,1,2,50%,7
あんこう鍋 宿 ランキング,1,2,50%,8
越後湯沢 リブマックスリゾート,1,2,50%,9
シアター付き ホテル,1,2,50%,11
大画面 ホテル,1,2,50%,11
天橋立 10月 気温,1,2,50%,11
あづまや旅館,1,2,50%,13
箱根パークス吉野 口コミ,1,2,50%,13.5
越後湯沢 グルメ 名物,1,2,50%,17.5
宮崎 有名なもの,1,2,50%,18
あつみ温泉 萬国屋 朝食,1,2,50%,19
アダ・ガーデンホテル沖縄,1,2,50%,28
オーセントホテル小樽 朝食,1,2,50%,31.5
天然洞窟温泉,1,1,100%,8
いくら盛り放題,1,1,100%,9
ホテル おく ゆ も と 朝食,1,1,100%,10
今治 温泉旅館,1,1,100%,10
宿泊,1,1,100%,10
お土産,1,1,100%,11
グランドホテル登別,1,1,100%,12
シルバーウィーク 温泉 穴場,1,1,100%,12
静観荘 箱根 ブログ,1,1,100%,14
チェックイン前,1,1,100%,15
炭酸泉 宿,1,1,100%,15
ホテル近鉄ユニバーサルシティ 朝食 口コミ,1,1,100%,16
うみあかり 楽天トラベル,1,1,100%,18
奥州平泉温泉旅館 itsumu レビュー,1,1,100%,18
天橋立 10月,1,1,100%,19
湯沢グランドホテル レビュー,1,1,100%,20
仙台 10月 服装,1,1,100%,21
山口有名なもの,1,1,100%,22
田沢湖 子供,1,1,100%,22
シルバーウィーク 旅行 混雑,1,1,100%,23
酒蔵 宿泊,1,1,100%,23
西村屋ホテル招月庭 レビュー,1,1,100%,24
高知 三翠園,1,1,100%,26
黒川温泉 入湯手形 おすすめ,1,1,100%,26
47 都 道府県 名所 一覧,1,1,100%,30
亀の井 ホテル 奥日光 湯元 ブログ,1,1,100%,32
兵衛向陽閣 朝食 バイキング,1,1,100%,33
熊本県 有名なもの,1,1,100%,36
強羅 花扇 円かの杜,1,1,100%,40
湯平温泉 白雲荘,1,1,100%,45
グリーンプラザホテル 長野,1,1,100%,56
下呂温泉,0,285,0%,14.94
シルバーウィーク 東北新幹線,0,108,0%,5.07
センティアホテル内藤,0,103,0%,33.43
ユキロロ,0,83,0%,11.22
鍛造温泉,0,78,0%,8.41
大仁ホテル,0,68,0%,23.29
centia hotel naito,0,68,0%,34.9
鴨川館,0,63,0%,39.76
甲斐のホテル,0,54,0%,28.74
ホテルシーズン日南,0,52,0%,40.35
高知城下の天然温泉 三翠園,0,48,0%,21.02
yu kiroro,0,44,0%,22.41
下呂温泉 旅館 おすすめ,0,43,0%,32.09
ラドン温泉 旅館,0,40,0%,17.2
"site:pages.dev ""クーポン"" ""プレゼント"" -site:amazon.co.jp -site:amazon.com 
-site:amazonaws.com -site:aboutamazon.jp -site:primevideo.com",0,37,0%,9.19
山梨 旅館 おすすめ,0,37,0%,24.59
弘前 旅館 おすすめ,0,37,0%,26.49
熊本 名物,0,37,0%,47.14
運河の宿 おたる ふる川,0,36,0%,26.08
ホテル リガーレ春日野,0,36,0%,42.81
洲本温泉 ホテル おすすめ,0,35,0%,28.69
下呂温泉 ホテル おすすめ,0,35,0%,34.54
"site:pages.dev ""クーポン"" ""無料"" -site:amazon.co.jp -site:amazon.com 
-site:amazonaws.com -site:aboutamazon.jp -site:primevideo.com",0,33,0%,6.76
山形 旅館 おすすめ,0,33,0%,23.97
鹿児島 名物,0,33,0%,49.27
"site:pages.dev ""キャンペーン"" ""獲得"" -site:amazon.co.jp -site:amazon.com 
-site:amazonaws.com -site:aboutamazon.jp -site:primevideo.com",0,32,0%,7.03
宮城 旅館 おすすめ,0,32,0%,22.69
蔵王温泉 ホテル おすすめ,0,31,0%,36.71
松島温泉,0,31,0%,47.87
"site:pages.dev ""クーポン"" ""獲得"" -site:amazon.co.jp -site:amazon.com 
-site:amazonaws.com -site:aboutamazon.jp -site:primevideo.com",0,30,0%,4.27
スーパーホテル鹿嶋 夕食,0,30,0%,12
温泉 夏休み,0,30,0%,30.87
エンゼルグランヴィラ由布院 レビュー,0,29,0%,11.24
シルク温泉 宿泊,0,29,0%,22.03
ヒカル 宮古島 ホテル,0,28,0%,10.82
酸ヶ湯温泉 旅館,0,28,0%,41.64
奈良 名物,0,28,0%,47.32
旅館 松原荘,0,27,0%,13.48
島根県 有名なもの,0,26,0%,21.04
山梨 温泉 宿,0,26,0%,26.96
支笏湖温泉 ランキング,0,26,0%,31.35
青森 ホテル おすすめ,0,26,0%,45.58
お盆 旅行,0,25,0%,43.12
岐阜 旅館 おすすめ,0,24,0%,29.96
酸ヶ湯温泉,0,24,0%,46.46
茨城 おすすめ 温泉,0,24,0%,46.71
支笏湖 温泉 ランキング,0,23,0%,30.87
赤ちゃん 温泉旅館,0,23,0%,41.35
奈良県 名物,0,23,0%,42.91
松島 温泉,0,23,0%,47.39
洞窟温泉 ランキング,0,22,0%,4.5
ランプの宿 全国,0,22,0%,8.14
青森 旅館 おすすめ,0,22,0%,36.14
佐賀 温泉 ランキング,0,22,0%,41.59
三重 おすすめ 温泉,0,22,0%,45.09
滋賀県 有名なもの,0,21,0%,5.43
シルバーウィーク 味覚狩り,0,21,0%,7.05
"site:pages.dev ""キャンペーン"" ""プレゼント"" -site:amazon.co.jp -site:amazon.com 
-site:amazonaws.com -site:aboutamazon.jp -site:primevideo.com",0,21,0%,11.52
長野県 有名なもの,0,21,0%,14.1
佐賀 特産品 ランキング,0,21,0%,36.1
岩滝温泉 ホテル喜楽家,0,21,0%,37.1
三重 温泉 ランキング,0,21,0%,38
佐賀 おすすめ 温泉,0,21,0%,43.38
ラルク 21世紀美術館,0,20,0%,6.9
北海道のスパ ホテル,0,20,0%,22
山口県 有名なもの,0,20,0%,23.05
下呂温泉 ランキング,0,20,0%,24
奈良といえば,0,20,0%,30.25
支笏湖 ホテル ランキング,0,20,0%,30.85
松島 温泉 ランキング,0,20,0%,30.95
出湯温泉 旅館,0,20,0%,34.85
山梨 シティホテル,0,20,0%,36.2
山梨名物 お土産 種類 人気,0,20,0%,36.7
10月 富良野,0,19,0%,9.68
北海道 有名なもの,0,19,0%,16.74
松島温泉 ランキング,0,19,0%,29.11
兵庫 お土産,0,19,0%,43.37
鹿児島温泉 旅館 ランキング,0,18,0%,26.67
下呂温泉 旅行,0,18,0%,27.17
松島温泉 ホテル,0,18,0%,36.11
兵庫 温泉 ランキング,0,18,0%,40.83
那智勝浦 観光,0,17,0%,3.59
"site:pages.dev ""キャンペーン"" ""無料"" -site:amazon.co.jp -site:amazon.com 
-site:amazonaws.com -site:aboutamazon.jp -site:primevideo.com",0,17,0%,11.12
兵庫 旅館 おすすめ,0,17,0%,24.65
松島温泉 旅館,0,17,0%,34.06
新井 旅館,0,17,0%,39.82
山梨 温泉 ランキング,0,17,0%,40.82
赤ちゃん 温泉旅行,0,17,0%,47.76
楽天トラベル 全国ご当地特集,0,16,0%,5.75
21世紀美術館 ラルク,0,16,0%,7.25
伊香保温泉 10月 気温,0,16,0%,8.5
下呂温泉 山形屋 朝食,0,16,0%,11.75
旅館 たなか,0,16,0%,13.12
京都 名物,0,16,0%,31.25
茨城 温泉 ランキング,0,16,0%,38.75
センティアホテル内藤 駐車場,0,16,0%,43.81
有名,0,15,0%,9.07
蔵王 温泉,0,15,0%,34.2
新井旅館,0,15,0%,35.87
内牧 温泉,0,15,0%,42.93
ベビー 温泉,0,15,0%,44.13
高知県 名物,0,15,0%,44.2
沖縄 おすすめ 温泉,0,15,0%,46.2
岩手 日本酒 おすすめ,0,15,0%,81.87
三重県 有名なもの 観光 名物,0,14,0%,8.14
そのぎ茶温泉 ヴィラそのぎ レビュー,0,14,0%,10.5
長野有名なもの,0,14,0%,12.5
民宿 赤松荘,0,14,0%,15.14
ｙｕ ｋｉｒｏｒｏ,0,14,0%,21.79
兵庫 旅館 ランキング,0,14,0%,22.57
洲本温泉 ホテル ランキング,0,14,0%,22.86
湯元さぬき瀬戸大橋温泉せとうちそう,0,14,0%,23.79
宮城 ホテル おすすめ,0,14,0%,26.36
ラドン温泉 宿泊,0,14,0%,31.21
沖縄 温泉 ランキング,0,14,0%,37.14
静岡 旅館 おすすめ,0,14,0%,39.07
宮城 おすすめ 温泉,0,14,0%,39.5
鴨川シーワールド 旅行,0,14,0%,43.71
山形 おすすめ 温泉,0,14,0%,46.71
鳴子温泉 ホテル,0,14,0%,47.14
山梨 日本酒 おすすめ,0,14,0%,61.5
棚田みたいな温泉,0,13,0%,6
シルバーウィーク 楽天トラベル,0,13,0%,8.31
ユキロロ 北海道,0,13,0%,9.69
鬼怒川温泉 10月 気温,0,13,0%,11.08
金矢温泉 ホテル銀河パークはなまき レビュー,0,13,0%,11.15
洲本温泉旅館 ランキング,0,13,0%,11.31
栃木県 有名なもの,0,13,0%,15.23
スーパーホテル鹿島,0,13,0%,19.62
ホテルのせ川,0,13,0%,26.77
十和田湖 温泉 おすすめ,0,13,0%,28.15
蔵王温泉 ランキング,0,13,0%,29
楽天トラベル セール,0,13,0%,32.15
指宿温泉 ランキング,0,13,0%,33.46
指宿ロイヤルホテル,0,13,0%,38.31
鳥羽 温泉 おすすめ,0,13,0%,38.46
長崎 おすすめ 温泉,0,13,0%,44.31
酸ヶ湯温泉 ホテル,0,13,0%,45.08
島根 おすすめ 温泉,0,13,0%,48.54
島根,0,13,0%,61.46
ビジネスホテルボストン レビュー,0,12,0%,9.5
霧島 あかまつ荘,0,12,0%,22.17
勝浦温泉 旅館,0,12,0%,23.92
洲本温泉 旅館 おすすめ,0,12,0%,27.5
弘前 温泉 ランキング,0,12,0%,30.58
定山渓温泉 旅館 おすすめ,0,12,0%,32
島根 旅館 おすすめ,0,12,0%,32.5
お盆休み 旅行,0,12,0%,33.75
宇奈月温泉 ランキング,0,12,0%,36.67
ゆ楽,0,12,0%,37.42
広島 シティホテル,0,12,0%,41.75
山形 温泉,0,12,0%,44.17
鹿島 ホテル,0,12,0%,44.17
香川 名物,0,12,0%,44.83
兵庫 おすすめ 温泉,0,12,0%,46.17
勝浦温泉,0,12,0%,48.42
赤ちゃん 温泉,0,12,0%,50.08
滋賀 有名なもの,0,11,0%,6.27
ヒカル 沖縄 ホテル,0,11,0%,10.82
天然温泉「千両の湯」スーパーホテル鹿嶋,0,11,0%,19.55
宮崎県 有名なもの,0,11,0%,20.64
鹿島 グルメ,0,11,0%,21.18
大仁 ホテル,0,11,0%,23.91
リバーサイドホテル松栄,0,11,0%,26.45
下呂 温泉 ランキング,0,11,0%,27.18
ラドン温泉 ランキング,0,11,0%,31.73
清里温泉,0,11,0%,32.09
ホテル リガーレ春日野 口コミ,0,11,0%,34.73
長野 旅館 おすすめ,0,11,0%,36.09
甲斐 ホテル,0,11,0%,36.36
松島 旅館 ランキング,0,11,0%,40.91
富山 おすすめ 温泉,0,11,0%,44
秋保温泉 旅館,0,11,0%,44.27
新潟 名物,0,11,0%,46.91
ベビー 温泉旅行,0,11,0%,47.09
岐阜 おすすめ 温泉,0,11,0%,47.36
雲海が見えるホテル,0,10,0%,3.3
ホテル385 ヒカル,0,10,0%,10.3
巳喜屋,0,10,0%,13.2
泥パック 温泉,0,10,0%,13.5
洲本温泉 旅館 ランキング,0,10,0%,18
下呂 温泉,0,10,0%,18.7
島根 名物,0,10,0%,23.5
ゆふいん月燈庵,0,10,0%,25.1
出湯温泉 大石屋旅館,0,10,0%,25.4
山形温泉 旅館 ランキング,0,10,0%,28.7
宮城 温泉 ランキング,0,10,0%,28.8
蔵王 温泉 ランキング,0,10,0%,29.3
戸倉上山田温泉 梅むら旅館 うぐいす亭〈長野県〉,0,10,0%,29.8
宮城 温泉 おすすめ,0,10,0%,30.1
ホテル ステラベラ,0,10,0%,31.7
層雲峡温泉 ランキング,0,10,0%,31.8
スーパーホテル 川越,0,10,0%,35
宮城 お土産 定番 日持ち,0,10,0%,36.5
千葉 おすすめ 温泉,0,10,0%,37.9
うぐいす亭,0,10,0%,38.5
宮城 県 有名 な もの,0,10,0%,38.7
兵庫 お土産 定番 日持ち,0,10,0%,38.9
秋保温泉 ランキング,0,10,0%,39
酸ヶ湯温泉旅館,0,10,0%,39.1
福島 おすすめ 温泉,0,10,0%,40.9
青森 おすすめ 温泉,0,10,0%,41.1
山梨 特産品 ランキング,0,10,0%,41.4
鳴子ホテル,0,10,0%,46.2
高知 おすすめ 温泉,0,10,0%,49.5
東京 名物,0,10,0%,55.7
滋賀 名物,0,10,0%,56.2
"site:pages.dev ""クーポン"" ""受取"" -site:amazon.co.jp -site:amazon.com 
-site:amazonaws.com -site:aboutamazon.jp -site:primevideo.com",0,9,0%,3.22
シルバーウィーク,0,9,0%,5.67
滋賀県有名なもの,0,9,0%,7.11
温泉泥パック 杉乃井ホテル,0,9,0%,8.22
プロジェクター ホテル,0,9,0%,8.33
シルバーウィーク 2026 温泉,0,9,0%,8.78
鹿島 ご当地グルメ,0,9,0%,10.44
湯の児温泉 松原荘,0,9,0%,11.67
ホテルニューツルタ 口コミ,0,9,0%,12
赤松荘,0,9,0%,12.22
湯本観光ホテル西京 朝食,0,9,0%,12.56
宮城 アパホテル,0,9,0%,15.89
京都市名物,0,9,0%,16.22
弘前 温泉 旅館,0,9,0%,17.67
石川県 有名なもの,0,9,0%,18.44
シルバーウィーク 温泉,0,9,0%,20.33
弘前 温泉近くの宿,0,9,0%,20.56
霧島温泉 旅館 おすすめ,0,9,0%,24.67
指宿 温泉 ランキング,0,9,0%,25.89
青森 温泉 おすすめ,0,9,0%,26
茨城 温泉旅館,0,9,0%,28.22
長野温泉 旅館 ランキング,0,9,0%,28.22
古湯温泉 旅館 大和屋,0,9,0%,28.78
層雲峡 温泉 ランキング,0,9,0%,29.11
霧島温泉 ホテル おすすめ,0,9,0%,29.89
yu kiroro 予約,0,9,0%,30.11
鳥取 旅館 おすすめ,0,9,0%,30.44
昼神温泉 清風苑,0,9,0%,31.78
みなもと旅館,0,9,0%,32
嵐山旅館 温泉 魅力,0,9,0%,33
戸倉上山田温泉 和の魁が佇む宿 梅むら旅館うぐいす亭,0,9,0%,35.33
長崎温泉 ランキング,0,9,0%,35.78
宮城 特産品 ランキング,0,9,0%,36
昼神温泉 ランキング,0,9,0%,36.22
有馬温泉 おすすめ,0,9,0%,36.78
阿蘇内牧温泉,0,9,0%,37.11
宇奈月 温泉 ランキング,0,9,0%,37.67
京都 おすすめ 温泉,0,9,0%,37.78
嵐山宿泊 旅館 観光,0,9,0%,37.78
福井 温泉 ランキング,0,9,0%,37.89
鳥取 温泉 ランキング,0,9,0%,38.89
山形 お土産 定番 日持ち,0,9,0%,39.11
奈良 旅館 おすすめ,0,9,0%,41
館山温泉,0,9,0%,41
北海道 おすすめ 温泉,0,9,0%,41.11
宮崎 温泉 ランキング,0,9,0%,41.56
青森 温泉 ランキング,0,9,0%,42
大分 おすすめ 温泉,0,9,0%,42.89
岩手 県 有名 な もの,0,9,0%,42.89
沖縄 名物,0,9,0%,43.89
群馬 おすすめ 温泉,0,9,0%,44.22
北海道 名物,0,9,0%,44.33
島根 県 有名 な もの,0,9,0%,46.33
長野 名物,0,9,0%,63
ホテル喜楽荘 レビュー,0,8,0%,6.88
長野県 有名なもの 観光 名物,0,8,0%,7.25
あづまや旅館 レビュー,0,8,0%,7.88
薪代だけで泊まれる宿,0,8,0%,9.62
松原荘,0,8,0%,9.88
パーソナルホテルyou レビュー,0,8,0%,10.5
弘前パークホテル 大 浴場,0,8,0%,11.38
長野 有名なもの,0,8,0%,11.75
yukiroro,0,8,0%,18.38
霧島神宮温泉 あかまつ荘＜鹿児島県＞,0,8,0%,19.88
今治温泉 ホテル,0,8,0%,21
茨城 旅行 温泉,0,8,0%,24.12
愛知県 有名なもの,0,8,0%,25.12
霧島温泉 旅館 ランキング,0,8,0%,26.25
霧島温泉 ランキング,0,8,0%,29.62
泥温泉,0,8,0%,30
富山 旅館 おすすめ,0,8,0%,30.75
絶景 雲海,0,8,0%,32.25
那智勝浦 ホテル ランキング,0,8,0%,32.38
指宿温泉 ホテル おすすめ,0,8,0%,32.75
秋保温泉 ホテル ランキング,0,8,0%,33.38
楽天 トラベル セール,0,8,0%,34.12
霧島温泉郷 宿,0,8,0%,34.38
長崎 温泉 ランキング,0,8,0%,34.5
ラドン温泉 ラジウム泉,0,8,0%,35.75
小樽ふる川 駐車場,0,8,0%,35.75
下呂温泉 旅館 ランキング,0,8,0%,36.5
昼神 温泉 ランキング,0,8,0%,36.88
指宿温泉 旅館 おすすめ,0,8,0%,37.62
十和田湖 温泉,0,8,0%,37.75
熊本 温泉 ランキング,0,8,0%,38
酸ヶ湯,0,8,0%,38.12
愛知 県 有名 な もの,0,8,0%,38.38
秋保 温泉 ランキング,0,8,0%,38.62
福島温泉 ランキング,0,8,0%,38.75
鳴子 ホテル おすすめ,0,8,0%,39.88
梅むら旅館 うぐいす亭,0,8,0%,40
時わすれの宿 佳元,0,8,0%,40.25
勝浦温泉 ホテル,0,8,0%,40.38
霧島 ホテル おすすめ,0,8,0%,40.75
宮崎 名物,0,8,0%,41
秋保温泉 ホテル おすすめ,0,8,0%,41.88
宮崎 おすすめ 温泉,0,8,0%,42.75
銀山温泉 旅館 ランキング,0,8,0%,44.75
宮崎 観光情報,0,8,0%,45.62
秋田 おすすめ 温泉,0,8,0%,46.38
ホテル リガーレ,0,8,0%,46.88
北海道 有名 な もの,0,8,0%,48
銀山温泉 旅館,0,8,0%,57
富山 県 有名 な もの,0,8,0%,70.5
長野 日本酒 おすすめ,0,8,0%,71.38
島根 観光,0,8,0%,96.38
ホテルプラザ神戸 温泉,0,7,0%,7.43
埼玉県 有名なもの 観光 名物,0,7,0%,8.29
水明館 荷物預かり,0,7,0%,8.71
10月旅行おすすめ 子連れ,0,7,0%,8.86
"site:pages.dev ""キャンペーン"" ""受取"" -site:amazon.co.jp -site:amazon.com 
-site:amazonaws.com -site:aboutamazon.jp -site:primevideo.com",0,7,0%,9.14
敬老の日 旅行,0,7,0%,9.57
長野 雲海 テラス ホテル,0,7,0%,11
熱川温泉 一柳閣,0,7,0%,11.43
銚子 ホテル 子連れ,0,7,0%,12
岐阜グランドホテル 口コミ,0,7,0%,12.14
湯の児温泉 松原荘＜熊本県＞,0,7,0%,14.71
京都市 名物,0,7,0%,15.29
シルバーウィーク 混んでないところ,0,7,0%,15.71
雲海 ホテル,0,7,0%,19
大仁ホテル アメニティ,0,7,0%,19.14
鳥取温泉 旅館 ランキング,0,7,0%,21.57
宮城県 有名なもの,0,7,0%,22.86
福井温泉 旅館 ランキング,0,7,0%,23.29
長崎 温泉 宿,0,7,0%,25.43
勝浦温泉 ランキング,0,7,0%,25.71
ラドン温泉 日本,0,7,0%,26.43
温泉 旅行 茨城,0,7,0%,26.86
霧島温泉 ホテル ランキング,0,7,0%,26.86
湯元さぬき瀬戸大橋温泉 せとうちそう,0,7,0%,27
しまなみ海道 温泉,0,7,0%,28
びわ湖松の浦別邸,0,7,0%,28.14
熱海 温泉 おすすめ,0,7,0%,29.57
茨城 温泉 旅行,0,7,0%,30
蔵王温泉 旅館 ランキング,0,7,0%,31.29
茨城 温泉旅行,0,7,0%,32.14
茨城 特産品 ランキング,0,7,0%,32.71
福井 旅館 おすすめ,0,7,0%,33.14
酸ヶ湯 温泉 旅館,0,7,0%,33.14
シルク温泉,0,7,0%,34.14
蔵王温泉 旅館 おすすめ,0,7,0%,34.57
三朝温泉 おすすめ宿,0,7,0%,35.14
dot glamping 富士山,0,7,0%,36.43
広島 温泉 ランキング,0,7,0%,36.86
ゆ～楽,0,7,0%,37.29
兵庫 特産品 ランキング,0,7,0%,37.57
福井温泉 ランキング,0,7,0%,37.86
人吉温泉 ランキング,0,7,0%,38.14
三朝温泉 ランキング,0,7,0%,39.43
滋賀 おすすめ 温泉,0,7,0%,39.43
宮崎 特産品 ランキング,0,7,0%,39.71
福島の温泉で1位はどこですか？,0,7,0%,40.14
秋保温泉 旅館 おすすめ,0,7,0%,40.14
北海道といえば,0,7,0%,40.29
福井 おすすめ 温泉,0,7,0%,40.29
赤ちゃん 温泉 おすすめ,0,7,0%,40.71
指宿温泉 おすすめ,0,7,0%,41.43
山形温泉 ランキング,0,7,0%,41.71
鳥取 おすすめ 温泉,0,7,0%,42.29
ホテルリガーレ春日野,0,7,0%,42.57
茨城 温泉 おすすめ,0,7,0%,42.71
茨城県 おすすめ 温泉,0,7,0%,42.71
大分温泉 ランキング,0,7,0%,43.71
岐阜 温泉 ランキング,0,7,0%,44
静岡 温泉 ランキング,0,7,0%,44.43
支笏湖温泉,0,7,0%,45
熱海温泉 旅行,0,7,0%,45
長野 温泉 ランキング,0,7,0%,45
兵庫県 温泉 おすすめ,0,7,0%,45.86
熊本 おすすめ 温泉,0,7,0%,46.14
赤ちゃん温泉,0,7,0%,46.43
ホテル リガーレ 春日野,0,7,0%,47.14
温泉 旅行 兵庫,0,7,0%,47.29
茨城 県 有名 な もの,0,7,0%,47.86
高知 名物,0,7,0%,48.43
ホテルおかだ 駐車場,0,7,0%,49.43
大阪名物,0,7,0%,57.86
酸ヶ湯 温泉,0,7,0%,58.43
佐賀 名物,0,7,0%,88.57
"site:pages.dev ""クーポン"" ""ゲット"" -site:amazon.co.jp -site:amazon.com 
-site:amazonaws.com -site:aboutamazon.jp -site:primevideo.com",0,6,0%,2.67
セサミ 徳島 閉園 なぜ,0,6,0%,6.83
洞窟の温泉,0,6,0%,7
リブマックス越後湯沢,0,6,0%,8.33
北斗荘 レビュー,0,6,0%,8.33
熊野古道 お盆 混雑,0,6,0%,9.67
ビジネスホテル新ばし レビュー,0,6,0%,10.17
北海道 10月 富良野,0,6,0%,10.17
ふるさと納税 usjホテル,0,6,0%,10.33
弘前パークホテル 大浴場,0,6,0%,10.5
鹿島 名物料理,0,6,0%,11
高千穂 高級 ホテル,0,6,0%,11.33
オリエンタルホテルユニバーサルシティ 温泉,0,6,0%,11.67
小豆島 10月,0,6,0%,11.67
新井旅館 アメニティ,0,6,0%,15.17
十和田湖 ホテル ランキング,0,6,0%,16.33
宮城 県 アパホテル,0,6,0%,17
上越 ホテル 子連れ,0,6,0%,17.33
山形グランドホテル 口コミ,0,6,0%,17.33
ひろめ市場 近く ホテル,0,6,0%,19.67
ひろめ市場 近くのホテル,0,6,0%,20.5
山梨 温泉旅館,0,6,0%,21
シルバーウィーク 東北,0,6,0%,21.17
高知城下の天然温泉三翠園,0,6,0%,21.33
兵庫県 有名なもの,0,6,0%,22.5
霧島 温泉 ランキング,0,6,0%,22.67
ゆふいん 月燈庵,0,6,0%,23
蔵王温泉 宿,0,6,0%,24.67
スーパーホテル鹿嶋,0,6,0%,25.17
今治温泉 旅館,0,6,0%,25.17
遊久,0,6,0%,25.5
阿蘇内牧温泉 旅館,0,6,0%,25.83
山口 県 有名 な もの,0,6,0%,27
蔵王温泉 ホテル ランキング,0,6,0%,27.83
松島 温泉旅館,0,6,0%,29
あわらの隠れ宿 ゆ楽 yuraku,0,6,0%,29.17
島根県有名なもの,0,6,0%,31.5
山梨 おすすめホテル,0,6,0%,31.67
埼玉 旅行 温泉,0,6,0%,31.83
十和田湖温泉郷,0,6,0%,32.5
秋田 旅館 おすすめ,0,6,0%,32.5
越後湯沢温泉 ファミリーペンションみどりや,0,6,0%,33
弘前 旅館 ランキング,0,6,0%,33.17
三朝温泉 人気宿,0,6,0%,33.83
ペットと泊れる 全室露天風呂付き客室 英国調ホテル 石の家,0,6,0%,34
下呂溫泉,0,6,0%,35.33
長野 ホテル おすすめ,0,6,0%,35.33
京都 温泉 ランキング,0,6,0%,35.5
清里 温泉,0,6,0%,35.5
蔵王温泉,0,6,0%,35.5
神奈川県といえば,0,6,0%,36.83
島根 温泉 ランキング,0,6,0%,37.83
下呂温泉 ホテル ランキング,0,6,0%,38.17
千葉県 おすすめ 温泉,0,6,0%,38.33
白浜温泉 紀州半島,0,6,0%,38.33
十和田市 おすすめ 温泉,0,6,0%,38.5
徳島 県 有名 な もの,0,6,0%,38.83
カンデオホテルズ大宮,0,6,0%,39
鳥取温泉 ランキング,0,6,0%,39.83
スーパーホテル 富山,0,6,0%,40
定山渓 おすすめ 温泉,0,6,0%,40.5
温泉 鳥羽 おすすめ,0,6,0%,41.5
ゆふいん花由,0,6,0%,41.83
ニューオータニ九州,0,6,0%,42
和歌山 温泉 ランキング,0,6,0%,42.33
大分 温泉 ランキング,0,6,0%,43
山梨名物 お土産 種類 おすすめ,0,6,0%,43
下呂温泉 おすすめ,0,6,0%,43.33
木曽駒高原ホテル,0,6,0%,43.33
ホテル城ヶ倉,0,6,0%,44
熊本県 ご当地,0,6,0%,44.33
登別温泉 旅館 おすすめ,0,6,0%,45
紅葉露天風呂,0,6,0%,45
黒川温泉 ふじ屋,0,6,0%,45
松の浦別邸 ブログ,0,6,0%,46.5
リガーレ春日野,0,6,0%,46.67
兵庫 温泉 おすすめ,0,6,0%,48.33
支笏湖 温泉,0,6,0%,49.5
佐賀 温泉 おすすめ,0,6,0%,50.33
和歌山 名物,0,6,0%,52.33
日本酒 岩手 注目,0,6,0%,54.67
山梨 温泉,0,6,0%,68.67
佐賀 県 有名 な もの,0,6,0%,70.67
島根 県 観光,0,6,0%,72.33
サウナ付きグランピング,0,6,0%,79.33
男鹿グランドホテル 口コミ,0,5,0%,6
霧島温泉 指宿温泉 どっち,0,5,0%,7
田沢湖 10月,0,5,0%,8
高松国際ホテル 温泉,0,5,0%,8
温泉 洞窟,0,5,0%,8.4
かまどか温野菜 白石店 北海道 札幌市白石区 南郷通 1北5-1 海洋ビル 1 hokkaido,0,5,0%,8.8
滋賀県 有名なもの 観光 名物,0,5,0%,9.2
能登空港 足湯,0,5,0%,9.4
47都道府県 銘菓,0,5,0%,9.6
朝日館 レビュー,0,5,0%,9.6
ホテルセントパレス倉吉 口コミ,0,5,0%,10.2
都道府県お土産ランキング,0,5,0%,10.6
高千穂 高級旅館,0,5,0%,11.2
今治 ホテル 子連れ,0,5,0%,11.4
楽天トラベル シルバーウィーク,0,5,0%,11.6
高千穂 旅館 高級,0,5,0%,11.6
阿蘇プラザホテル 口コミ,0,5,0%,12
鹿島名物グルメ,0,5,0%,12
竹林の湯宿 はやし屋,0,5,0%,12.4
ひろめ市場 ホテル おすすめ,0,5,0%,12.6
ペット同伴 温泉,0,5,0%,13.6
栄 高級 ホテル,0,5,0%,13.6
五頭温泉郷 出湯温泉 愛犬と泊まれる秘湯の宿 大石屋旅館,0,5,0%,14.2
yuraku,0,5,0%,14.4
ビジネスホテル東洋＜福島県＞,0,5,0%,14.6
長野県有名なもの,0,5,0%,15
岐阜グランドホテル 評判,0,5,0%,15.8
ひろめ市場 周辺 宿泊,0,5,0%,16.8
兵庫 温泉 旅館,0,5,0%,16.8
岐阜 下呂温泉,0,5,0%,17
弘前 温泉旅館,0,5,0%,17
秋保温泉 子連れ おすすめ ホテル,0,5,0%,17.2
東京都 有名なもの,0,5,0%,18
高知 ひろめ市場 近く ホテル,0,5,0%,18.4
ホテル ルート イン 埼玉 県,0,5,0%,19
佐渡金山 宿泊,0,5,0%,19
ひろめ市場近くホテル,0,5,0%,19.6
竹林の湯宿 はやし屋 本館,0,5,0%,20.6
三重県 有名なもの,0,5,0%,21.6
弘前市 温泉宿,0,5,0%,21.6
和歌山県 有名なもの,0,5,0%,22.4
茨城 県 で 有名 な もの,0,5,0%,23
宮城 人気 宿,0,5,0%,23.4
高級 隠れ家,0,5,0%,25
旅行 茨城 温泉,0,5,0%,26
岐阜県といえば,0,5,0%,26.4
埼玉県 有名なもの,0,5,0%,27.6
温泉旅行 茨城,0,5,0%,27.6
兵庫 県 有名 な もの,0,5,0%,27.8
ホテルサザンヴィレッジ沖縄,0,5,0%,29
石川県 名物,0,5,0%,29.6
鳥取 ホテル おすすめ,0,5,0%,29.6
福井県 有名なもの,0,5,0%,30.4
長崎温泉 旅館,0,5,0%,30.6
長野 特産品 ランキング,0,5,0%,30.6
伊豆修善寺温泉 新井旅館,0,5,0%,31.2
山形温泉 旅館,0,5,0%,31.4
和歌山といえば,0,5,0%,31.8
温泉 宮城 おすすめ,0,5,0%,31.8
石巻グランドホテル,0,5,0%,32
奈良県 カフェ,0,5,0%,32.8
富山 温泉 ランキング,0,5,0%,32.8
山梨 ホテル おすすめ,0,5,0%,32.8
山形県 有名なもの,0,5,0%,33.4
茨城県 有名なもの,0,5,0%,33.6
下呂温泉 人気ランキング,0,5,0%,34
大仁 温泉,0,5,0%,34.2
宮城県 おすすめ 温泉,0,5,0%,35.8
鳥羽 おすすめ 温泉,0,5,0%,35.8
カンデオホテルズ大宮 宿泊,0,5,0%,36.4
北海道 温泉 ランキング,0,5,0%,36.4
温泉 茨城 おすすめ,0,5,0%,36.6
ラドン温泉 免疫力,0,5,0%,37
群馬 県 有名 な もの,0,5,0%,37.8
ハトヤ 瑞鳳閣 ブログ,0,5,0%,38.4
群馬 温泉 ランキング,0,5,0%,39
お盆 旅行 おすすめ,0,5,0%,39.2
うぐいす 亭,0,5,0%,39.8
松島 ホテル ランキング,0,5,0%,40.2
滋賀 温泉 ランキング,0,5,0%,40.4
秋田温泉 ランキング,0,5,0%,40.4
兵庫 温泉旅行,0,5,0%,40.6
千葉 温泉 おすすめ,0,5,0%,41
佐賀 県 名物,0,5,0%,41.4
japaning hotel 丸太町,0,5,0%,41.8
茨城県 温泉 おすすめ,0,5,0%,42.2
青森県 おすすめ 温泉,0,5,0%,42.4
滋賀 温泉 おすすめ,0,5,0%,42.6
高知 ホテル おすすめ,0,5,0%,42.6
山形県 温泉 おすすめ,0,5,0%,43.4
長崎 温泉 おすすめ,0,5,0%,43.4
昼神温泉 おすすめ宿,0,5,0%,43.8
石川 名物,0,5,0%,43.8
霧島 旅館 おすすめ,0,5,0%,44
山形県 おすすめ 温泉,0,5,0%,45.6
滋賀県 名物,0,5,0%,45.8
温泉旅行 兵庫,0,5,0%,46.4
静岡 おすすめ 温泉,0,5,0%,46.4
赤ちゃん 連れ 温泉,0,5,0%,47.2
出雲 名物,0,5,0%,47.8
山梨 温泉 旅行,0,5,0%,47.8
温泉 千葉 おすすめ,0,5,0%,48
鳴子 ホテル,0,5,0%,48
ｓａｉｈｏｋｕｋａｎ ｈｏｔｅｌ,0,5,0%,48.2
鹿児島 温泉 おすすめ,0,5,0%,48.4
温泉 山梨 おすすめ,0,5,0%,48.8
富山 名物,0,5,0%,51.4
ふる川 小樽,0,5,0%,52
シェラトン沖縄サンマリーナリゾート,0,5,0%,58.8
夏休み プール ホテル,0,5,0%,61.8
山形 有名,0,5,0%,64.2
シェラトン 沖縄 サン マリーナ リゾート,0,5,0%,66.2
山形 名物,0,5,0%,91
岩手 名物,0,5,0%,93.8
シルバーウィーク 旅行,0,5,0%,123
スマートテレビ ホテル,0,4,0%,2
東京から京都 昼行バス,0,4,0%,5.25
美肌研究所 絹 田辺店 田辺市城山台,0,4,0%,5.5
日本ご当地特集,0,4,0%,6
ご当地特集,0,4,0%,6.25
栃木県 有名なもの 観光 名物,0,4,0%,6.25
大館ぽかぽか温泉ホテル 朝食,0,4,0%,7.5
いっぺん庵 持ち込み,0,4,0%,7.75
ニューグランドホテル新庄 レビュー,0,4,0%,7.75
兵庫県 有名なもの 観光 名物,0,4,0%,8
愛知県 酒蔵 ランキング,0,4,0%,8
県の有名なもの,0,4,0%,8
ホテル ドライヤー 持ち込み,0,4,0%,8.25
ホテル プロジェクター,0,4,0%,8.5
ホテルグランヴィア岡山 大浴場,0,4,0%,8.5
愛知県 有名なもの 観光 名物,0,4,0%,8.5
10月 小豆島,0,4,0%,8.75
グランピング 関東 シルバーウィーク,0,4,0%,8.75
老神温泉 仙郷 朝食,0,4,0%,9.5
鍾乳洞 温泉,0,4,0%,9.5
インフィニティ温泉 関東,0,4,0%,9.75
ホテルグリーンパーク津 口コミ,0,4,0%,9.75
宮島コーラルホテル 温泉,0,4,0%,9.75
福島県 有名なもの 観光 名物,0,4,0%,10.25
ａｂホテル関 レビュー,0,4,0%,10.25
長野 雲海 ホテル,0,4,0%,10.5
小豆島 10月 観光,0,4,0%,10.75
洞窟のある温泉,0,4,0%,10.75
abホテル京都四条堀川 朝食,0,4,0%,11
断崖絶壁 ホテル 日本,0,4,0%,11
はての浜 ホテル,0,4,0%,11.25
ホテルグランヴィア岡山 朝食 口コミ,0,4,0%,11.25
シルバーウィーク 混まない,0,4,0%,11.75
鹿島 グルメ 名物,0,4,0%,11.75
ホテルセブンシーズ銀座 口コミ,0,4,0%,12
ヒカル ホテル 宮古島,0,4,0%,12.75
ホテルつくばヒルズ梅園店,0,4,0%,13.25
群馬県 有名なもの ランキング,0,4,0%,13.5
下呂温泉 山形屋 口コミ,0,4,0%,14.5
湯沢 名物料理,0,4,0%,14.75
ひろめ市場 旅館,0,4,0%,15
高知県ひろめ市場近くのホテル,0,4,0%,15.25
多治見 オースタット ホテル,0,4,0%,15.5
尾道 ホテル 子連れ,0,4,0%,16.5
泥パック温泉,0,4,0%,16.75
オースタット国際ホテル,0,4,0%,17.5
ホテルつくばヒルズ梅園,0,4,0%,17.5
ホテルおくゆもと 評判,0,4,0%,17.75
南阿蘇 旅館 おすすめ,0,4,0%,17.75
高知ひろめ市場近くホテル,0,4,0%,17.75
etavia 湯布院駅前,0,4,0%,18
下呂 ホテル おすすめ,0,4,0%,18
下呂温泉 おすすめ 旅館,0,4,0%,18.25
コンパス 北海道,0,4,0%,18.5
keep 温泉,0,4,0%,19.25
シルバーウィーク 東北旅行,0,4,0%,19.25
北海道 旅館 おすすめ,0,4,0%,19.25
昇仙峡 温泉,0,4,0%,19.5
ひろめ市場近くのホテル,0,4,0%,20
和歌山 有名なもの,0,4,0%,21
富山 県 温泉 宿,0,4,0%,21
北海道の有名なもの,0,4,0%,21.5
洞川温泉 いろは旅館＜奈良県＞,0,4,0%,21.5
石川 県 有名 な もの,0,4,0%,22.25
北海道 とい えば,0,4,0%,22.5
北海道名物,0,4,0%,22.75
北海道 温泉 宿 ランキング,0,4,0%,23.5
百八治,0,4,0%,24.25
高知城下的天然温泉 三翠园 （三翠园）,0,4,0%,24.25
宮城 旅館 ランキング,0,4,0%,24.5
センチュリー 北海道,0,4,0%,24.75
富山 旅館 ランキング,0,4,0%,25.5
山梨 温泉宿,0,4,0%,25.75
メリケンポート神戸元町,0,4,0%,26
グリーンプラザホテル＜長野県＞,0,4,0%,26.75
有馬温泉 おすすめ宿,0,4,0%,28
秋田温泉 旅館,0,4,0%,28.5
温泉 しまなみ海道,0,4,0%,28.75
京都 温泉 おすすめ,0,4,0%,29
シルバーウィーク 空いてる場所,0,4,0%,29.25
スーパーホテル埼玉・川越,0,4,0%,29.5
紅葉温泉 絶景,0,4,0%,29.75
下呂温泉 老舗旅館,0,4,0%,30
茨城 旅館 ランキング,0,4,0%,30.75
群馬 県 の 有名 な もの,0,4,0%,31.5
ウイスキーホテル,0,4,0%,31.75
日光 おすすめ 温泉,0,4,0%,31.75
日光湯元温泉 日光グランドホテル ほのかな宿樹林,0,4,0%,32
白馬五竜ホテル ステラベラ,0,4,0%,32
城ヶ倉温泉,0,4,0%,32.25
広島県といえば,0,4,0%,32.25
修善寺温泉 国の登録文化財の宿 新井旅館,0,4,0%,32.75
宮島 コーラル ホテル,0,4,0%,33.25
下呂温泉 人気宿,0,4,0%,33.5
鴨川 館,0,4,0%,34.25
ラドン温泉 源泉かけ流し,0,4,0%,34.5
佐賀県といえば,0,4,0%,35.5
徳島 おすすめホテル,0,4,0%,35.75
富良野 温泉 おすすめ,0,4,0%,36
スーパー ホテル 鹿嶋,0,4,0%,36.25
宮崎県といえば,0,4,0%,37
三重 旅館 ランキング,0,4,0%,37.25
温泉 福島 おすすめ,0,4,0%,37.75
滋賀 特産品 ランキング,0,4,0%,38.25
秋保温泉 人気宿,0,4,0%,38.25
山形県といえば,0,4,0%,38.5
宇奈月温泉 おすすめ宿,0,4,0%,38.75
宮島コーラルホテル 駐車場,0,4,0%,38.75
福島 温泉 おすすめ,0,4,0%,39.5
福島県 温泉 おすすめ,0,4,0%,40
鳴子温泉 ランキング,0,4,0%,40.25
温泉 山形 おすすめ,0,4,0%,40.5
温泉 おすすめ 山梨,0,4,0%,41
温泉 京都 おすすめ,0,4,0%,41
上諏訪 温泉 ランキング,0,4,0%,41.25
兵庫 温泉 旅行,0,4,0%,41.25
嬉野温泉 おすすめ宿,0,4,0%,41.25
山梨 おすすめ 温泉,0,4,0%,41.5
温泉 ホテル プール,0,4,0%,41.5
長崎 温泉 有名,0,4,0%,41.75
hotel jogakura（ホテル 城ヶ倉）,0,4,0%,42.25
弘前パークホテル,0,4,0%,42.5
鳴子 旅館 ランキング,0,4,0%,42.5
ウェルカムベビーのお宿,0,4,0%,42.75
鴨館,0,4,0%,43.25
栃木 温泉 ランキング,0,4,0%,43.5
青森県 温泉 おすすめ,0,4,0%,43.5
島根県といえば,0,4,0%,43.75
千葉県 温泉 おすすめ,0,4,0%,44.75
おすすめ 群馬 温泉,0,4,0%,45
兵庫 旅行 温泉,0,4,0%,45.25
富山県 温泉 おすすめ,0,4,0%,45.25
仙台 温泉 おすすめ,0,4,0%,45.5
ｊａｐａｎｉｎｇ ｈｏｔｅｌ 丸太町,0,4,0%,45.5
青森 名物,0,4,0%,45.75
三朝温泉 旅館 ランキング,0,4,0%,46
感動 宿,0,4,0%,46
出雲大社 玉造温泉,0,4,0%,46.25
北海道 温泉 おすすめ,0,4,0%,46.25
和倉温泉 おすすめ宿,0,4,0%,46.25
能登 温泉,0,4,0%,46.75
徳島 おすすめ 温泉,0,4,0%,47.25
山形 旅館 ランキング,0,4,0%,47.5
松島温泉 ホテル絶景の館,0,4,0%,47.5
温泉旅行 大分,0,4,0%,47.75
銀山温泉 ホテル,0,4,0%,48
黒川温泉 ランキング,0,4,0%,48
温泉 大分 おすすめ,0,4,0%,48.5
秋田 県 有名 な もの,0,4,0%,48.75
山形 とい えば,0,4,0%,49
島根 温泉 おすすめ,0,4,0%,49
三重県 温泉 おすすめ,0,4,0%,49.5
山梨 温泉旅行,0,4,0%,49.5
茨城県といえば,0,4,0%,49.5
新宿 紬 着付け 持ち込み,0,4,0%,49.75
嬉野温泉 おすすめ,0,4,0%,50.75
富士山が見える宿,0,4,0%,51
酸ヶ湯温泉 観光,0,4,0%,51.25
徳島 名物,0,4,0%,52.25
福島 県 名物,0,4,0%,52.25
湯岐温泉,0,4,0%,53
富士山が見える温泉,0,4,0%,53.25
白浜 温泉,0,4,0%,55.25
秋田 名物,0,4,0%,55.75
広島 有名 な もの,0,4,0%,56.5
贅沢 旅行,0,4,0%,57.75
大阪 名物,0,4,0%,65
愛媛,0,4,0%,65
兵庫 県 の 名物,0,4,0%,86
山梨県 日本酒,0,4,0%,91
福島 名物,0,4,0%,94.25
妙高高原 宿泊 おすすめ,0,3,0%,1
宮城県 有名なもの ランキング,0,3,0%,1
滋賀で有名なもの,0,3,0%,1
シルバー ウィーク 果物 狩り,0,3,0%,3
キロロ バイキング,0,3,0%,4.67
kawami-na レビュー,0,3,0%,5
シルバーウィーク東北新幹線,0,3,0%,5
富士の湧水 口コミ,0,3,0%,6
熱川 一柳閣,0,3,0%,6
男鹿グランドホテル 評判,0,3,0%,6.33
宮崎 日本酒 有名,0,3,0%,7.33
ヘアーズ ルポ 橿原市久米町,0,3,0%,7.67
カフェ ニコ 北海道 旭川市 豊岡4-6-7 hokkaido,0,3,0%,8
下呂温泉 10月,0,3,0%,8.33
越後湯沢 リブマックス,0,3,0%,9
敬老の日 旅行 おすすめ,0,3,0%,9.33
ホテルプラスホステル東京川崎 朝食,0,3,0%,9.67
宮古島 子連れ モデルコース,0,3,0%,9.67
高松国際ホテル お風呂,0,3,0%,9.67
サロン ザ クリオ 豊橋市松葉町,0,3,0%,10
ホテルアンビア松風閣 朝食,0,3,0%,10
ホテル東洋,0,3,0%,10
海峡いやしの風 縞美人 小倉織物工房,0,3,0%,10
秩父小鹿野温泉旅館 梁山泊 レビュー,0,3,0%,10
霧島温泉 おすすめ,0,3,0%,10
高繁旅館,0,3,0%,10
ドーミーイン三島 口コミ,0,3,0%,10.33
夢いろは 熱海 送迎 バス,0,3,0%,10.33
ホテル三日月 鬼怒川 ワイファイ,0,3,0%,10.67
有名なもの,0,3,0%,10.67
鹿嶋市 グルメ 名物,0,3,0%,10.67
10月 清里 気温,0,3,0%,11
ビジネスホテル寿,0,3,0%,11
リブマックスリゾート越後湯沢 駐車場,0,3,0%,11
リブマックス奈良駅前 駐車場,0,3,0%,11
別邸 仙 寿庵 持ち込み,0,3,0%,11
高松国際ホテル 送迎 バス,0,3,0%,11
10月 小豆島 気温,0,3,0%,11.33
ホテルトレンド あべの 天王寺 朝食,0,3,0%,11.33
高千穂 高級ホテル,0,3,0%,11.33
10月 下呂温泉 気温,0,3,0%,11.67
浦子の湯 高野屋 レビュー,0,3,0%,11.67
高千穂 ホテル 高級,0,3,0%,11.67
高尾山 宿泊 子連れ,0,3,0%,11.67
倉敷ロイヤルアートホテル 大浴場,0,3,0%,12
北海道グリーンランド ホテルサンプラザ レビュー,0,3,0%,12
十和田湖レークビューホテル 口コミ,0,3,0%,12
和銅鉱泉 薬師の湯 ゆの宿 和どう,0,3,0%,12
シルバーウィーク ホテル取れない,0,3,0%,12.33
大塚国際美術館 ホテル 高級,0,3,0%,12.33
洞窟温泉 東海,0,3,0%,12.33
銚子 子供 旅行,0,3,0%,12.33
三重県有名なもの,0,3,0%,12.67
hotel b suites なんば黒門 レビュー,0,3,0%,13
小樽 温泉 おすすめ,0,3,0%,14
阿蘇プラザホテル 料理,0,3,0%,14.67
グランピング 露天風呂付き客室 関西,0,3,0%,15
今治 旅館 おすすめ,0,3,0%,15
袋田の滝 旅館 ランキング,0,3,0%,15
越後湯沢 名物料理,0,3,0%,15
美瑛 子連れ ホテル,0,3,0%,15.33
ウオミサキホテル 口コミ,0,3,0%,15.67
滋賀県 地酒 ランキング,0,3,0%,15.67
site:pages.dev,0,3,0%,16
鳥取県有名なもの,0,3,0%,16
下呂温泉 宿 おすすめ,0,3,0%,16.33
北海道有名なもの,0,3,0%,16.33
ｅｔａｖｉａ 湯布院駅前,0,3,0%,16.33
上越 子連れ ホテル,0,3,0%,17.33
勝山 ホテル おすすめ,0,3,0%,17.33
古宇利島 ホテル ランキング,0,3,0%,17.33
宮城県アパホテル,0,3,0%,17.67
豊島美術館 宿泊,0,3,0%,18
角島 ホテル ファミリー,0,3,0%,18.33
下呂 旅館 おすすめ,0,3,0%,18.67
嵐山 ホテル 子連れ,0,3,0%,18.67
栃木県有名なもの,0,3,0%,18.67
キャンドルライト 旅館,0,3,0%,19
日田 旅館 おすすめ,0,3,0%,19
男鹿ホテル 口コミ,0,3,0%,19
サァラ軽井沢ホテル 口コミ,0,3,0%,19.33
シルバーウィーク 旅行 東北,0,3,0%,19.33
下呂温泉人気宿,0,3,0%,19.33
十和田湖 宿泊 おすすめ,0,3,0%,19.33
高知ひろめ市場近くのホテル,0,3,0%,19.33
福島 県 温泉 宿 ランキング,0,3,0%,19.67
三重県 温泉旅館 ランキング,0,3,0%,20
岐阜 県 有名 な もの,0,3,0%,20.33
鹿児島県 有名なもの,0,3,0%,20.67
シルバーウィーク オールインクルーシブ,0,3,0%,21
岐阜 有名,0,3,0%,21
広島 有名なもの,0,3,0%,21.33
兵庫県 温泉 旅館,0,3,0%,21.67
兵庫県 温泉旅館,0,3,0%,22
千葉 有名なもの,0,3,0%,22
高知ひろめ市場 ホテル,0,3,0%,22
伊東 温泉 おすすめ,0,3,0%,22.33
大阪府有名なもの,0,3,0%,22.33
小田原 子連れ ホテル,0,3,0%,22.33
高知 ひろめ市場 ホテル,0,3,0%,22.33
高野山宿坊ランキング,0,3,0%,22.67
ホテルシルク温泉やまびこ,0,3,0%,24
弘前パークホテル ブログ,0,3,0%,24.67
三翠園 高知,0,3,0%,25
島根 旅行,0,3,0%,25
鹿児島といえば,0,3,0%,25
山口県 観光 名所,0,3,0%,25.33
有形文化財の湯宿 旅館大橋,0,3,0%,25.67
島根有名なもの,0,3,0%,26
長崎 有名なもの,0,3,0%,26
青森 有名 な もの,0,3,0%,26
黒川温泉 湯峡の響き 優彩,0,3,0%,26
大仁ホテル【伊東園ホテルズ】,0,3,0%,26.33
山口県 名物,0,3,0%,26.33
懐かしの自然湯 熱川温泉 一柳閣,0,3,0%,26.67
弘前 温泉 おすすめ,0,3,0%,27
指宿 温泉 おすすめ,0,3,0%,27
秋保温泉 プール付きホテル,0,3,0%,27
三翠園 （sansuien）,0,3,0%,27.33
内牧温泉,0,3,0%,27.33
愛媛 有名,0,3,0%,27.33
シルバーウィーク ホテル,0,3,0%,28
下呂温泉おすすめ,0,3,0%,28
体験の宿 松原荘,0,3,0%,28
あわらの隠れ宿 ゆ楽,0,3,0%,28.33
十和田湖 おすすめ ホテル,0,3,0%,28.33
旅館 養浩亭,0,3,0%,28.33
日本 主要観光地 連泊におすすめのホテル 東京,0,3,0%,28.33
栃木県といえば,0,3,0%,28.67
温泉 しまなみ,0,3,0%,28.67
佐賀県有名なもの,0,3,0%,29