上位のページ,クリック数,表示回数,CTR,掲載順位
https://croud-travel.pages.dev/posts/silverweek-anaba-travel-guide/,49,1008,4.86%,11.59
https://croud-travel.pages.dev/posts/silverweek-flower-fruit-harvest-guide/,28,844,3.32%,7.49
https://croud-travel.pages.dev/posts/silverweek-flower-fruit-harvest-guide,27,297,9.09%,5.14
https://croud-travel.pages.dev/posts/silverweek-anaba-travel-guide,23,247,9.31%,9.85
https://croud-travel.pages.dev/posts/silverweek-glamping-outdoor-guide/,20,956,2.09%,7.45
https://croud-travel.pages.dev/posts/livemax-resort-echigo-yuzawa-blog-guide/,14,171,8.19%,10.18
https://croud-travel.pages.dev/posts/cave-bath-geothermal-secret-onsen-hotels-guide/,11,268,4.1%,7.26
https://croud-travel.pages.dev/posts/silver-week-shinkansen-lastminute-guide/,10,389,2.57%,6.9
https://croud-travel.pages.dev/posts/cave-bath-geothermal-secret-onsen-hotels-guide,10,124,8.06%,6.5
https://croud-travel.pages.dev/posts/196603/,10,33,30.3%,9.82
https://croud-travel.pages.dev/posts/silverweek-longstay-toji-guide/,9,320,2.81%,9.79
https://croud-travel.pages.dev/posts/silver-week-fruit-picking-grape-travel-guide/,8,210,3.81%,7.35
https://croud-travel.pages.dev/posts/projector-theater-room-hotels-guide/,8,96,8.33%,10.17
https://croud-travel.pages.dev/posts/silverweek-3generations-senior-guide,7,100,7%,7.83
https://croud-travel.pages.dev/posts/bouldering-climbing-wall-sports-resort-hotels-guide/,7,31,22.58%,6.48
https://croud-travel.pages.dev/posts/hamayaki-seafood-scallop-oyster-buffet-hotels-guide/,6,74,8.11%,7.76
https://croud-travel.pages.dev/posts/eel-unagi-kaiseki-grilled-hot-spring-hotels-guide/,6,41,14.63%,8.12
https://croud-travel.pages.dev/posts/winter-kanburi-yellowtail-shabu-onsen-hotels-guide/,6,37,16.22%,7.59
https://croud-travel.pages.dev/posts/silverweek-glamping-outdoor-guide,5,234,2.14%,6.44
https://croud-travel.pages.dev/posts/yukiroro/,5,154,3.25%,12.66
https://croud-travel.pages.dev/posts/unkai-view-hotel-resort-japan-ranking/,5,137,3.65%,8.06
https://croud-travel.pages.dev/posts/funamori-sashimi-boat-seafood-onsen-hotels-guide/,5,81,6.17%,8.8
https://croud-travel.pages.dev/posts/livemax-resort-echigoyuzawa-blog-guide/,5,32,15.62%,8.44
https://croud-travel.pages.dev/posts/chestnut-montblanc-autumn-sweets-hotels-guide/,5,29,17.24%,6.14
https://croud-travel.pages.dev/posts/taiko-drum-traditional-performance-onsen-hotels-guide/,5,23,21.74%,5.39
https://croud-travel.pages.dev/posts/136011/,5,16,31.25%,12.81
https://croud-travel.pages.dev/posts/french-toast-hotel-bakery-breakfast-hotels-guide/,4,39,10.26%,9.08
https://croud-travel.pages.dev/posts/atagawa-ichiryuukaku-review-guide/,4,38,10.53%,10.66
https://croud-travel.pages.dev/posts/pearl-harvest-akoya-jewelry-experience-onsen-hotels-guide/,4,28,14.29%,5.93
https://croud-travel.pages.dev/posts/16654/,4,25,16%,15.28
https://croud-travel.pages.dev/posts/winter-shirako-milt-tsufunabe-onsen-hotels-guide/,4,12,33.33%,6.5
https://croud-travel.pages.dev/prefectures/tokyo/,3,1462,0.21%,8.91
https://croud-travel.pages.dev/posts/noto-pokemon-travel-guide/,3,103,2.91%,8.27
https://croud-travel.pages.dev/posts/silverweek-3generations-senior-guide/,3,102,2.94%,7.97
https://croud-travel.pages.dev/posts/tanada-onsen-infinity-bath-japan-guide/,3,93,3.23%,6.72
https://croud-travel.pages.dev/posts/ibusuki-vs-kirishima-kagoshima-onsen-guide/,3,91,3.3%,11.11
https://croud-travel.pages.dev/posts/silverweek-themepark-resort-guide/,3,82,3.66%,14.3
https://croud-travel.pages.dev/posts/silverweek-adult-luxury-retreat-guide/,3,76,3.95%,8.55
https://croud-travel.pages.dev/posts/ikura-kakehodai-kaisendon-hokkaido-hotels-guide/,3,66,4.55%,7.23
https://croud-travel.pages.dev/spots/kanazawa-21st-century-museum/,3,52,5.77%,5.1
https://croud-travel.pages.dev/prefectures/gifu/,3,52,5.77%,30.02
https://croud-travel.pages.dev/posts/silver-week-fruit-picking-grape-travel-guide,3,50,6%,5.62
https://croud-travel.pages.dev/posts/warayaki-katsuo-tataki-tosa-kochi-hotels-guide/,3,48,6.25%,10.04
https://croud-travel.pages.dev/posts/13730/,3,45,6.67%,9.2
https://croud-travel.pages.dev/posts/october-travel-city-sendai-kids-family-guide/,3,44,6.82%,11.05
https://croud-travel.pages.dev/posts/huge-volume-abundant-gushing-onsen-hotels-guide,3,40,7.5%,8.15
https://croud-travel.pages.dev/posts/9627/,3,37,8.11%,11.11
https://croud-travel.pages.dev/posts/autumn-aomori-hirosaki-castle-10selection/,3,27,11.11%,9.44
https://croud-travel.pages.dev/posts/charcoal-hearth-wild-boar-botan-nabe-hotels-guide/,3,26,11.54%,14.15
https://croud-travel.pages.dev/posts/sweetfish-charcoal-hearth-river-cuisine-onsen-hotels-guide/,3,20,15%,7.8
https://croud-travel.pages.dev/posts/9669/,3,17,17.65%,9.88
https://croud-travel.pages.dev/posts/october-travel-nagano-kids-family-guide/,3,15,20%,6.13
https://croud-travel.pages.dev/posts/theme-baby-family-welcome-onsen-guide/,3,14,21.43%,8.29
https://croud-travel.pages.dev/posts/184199/,3,13,23.08%,7.92
https://croud-travel.pages.dev/posts/38764/,3,13,23.08%,9.38
https://croud-travel.pages.dev/posts/noboribetsu-grand-hotel-guide/,3,13,23.08%,12.77
https://croud-travel.pages.dev/posts/sake-brewery-kuramoto-pairing-retreat-hotels-guide/,3,13,23.08%,12.85
https://croud-travel.pages.dev/posts/9624/,3,12,25%,9.92
https://croud-travel.pages.dev/posts/167979/,3,11,27.27%,7.64
https://croud-travel.pages.dev/posts/charcoal-hearth-river-fish-sweetfish-trout-hotels-guide,3,11,27.27%,8.18
https://croud-travel.pages.dev/posts/october-travel-city-awajishima-kids-family-guide/,3,9,33.33%,9.44
https://croud-travel.pages.dev/posts/october-travel-ibaraki-kids-family-guide/,3,8,37.5%,7
https://croud-travel.pages.dev/posts/176762/,3,6,50%,12.17
https://croud-travel.pages.dev/posts/larc-link-location-travel-guide/,2,188,1.06%,7.41
https://croud-travel.pages.dev/posts/japan-nationwide-gotochi-special-feature-guide/,2,145,1.38%,5.47
https://croud-travel.pages.dev/posts/39515/,2,144,1.39%,23.33
https://croud-travel.pages.dev/tokyo-kyoto-bus-vs-shinkansen-guide/,2,106,1.89%,8.64
https://croud-travel.pages.dev/prefectures/yamanashi/souvenirs/,2,58,3.45%,33.31
https://croud-travel.pages.dev/posts/198983/,2,56,3.57%,9.39
https://croud-travel.pages.dev/posts/barrel-sauna-private-onsen-villa-hotels-guide/,2,53,3.77%,6.21
https://croud-travel.pages.dev/posts/takachiho-gorge-amanoiwayato-hotels-guide/,2,43,4.65%,11.37
https://croud-travel.pages.dev/posts/17769/,2,43,4.65%,14.98
https://croud-travel.pages.dev/posts/silver-week-three-generation-keirou-onsen-hotels-guide/,2,42,4.76%,7.74
https://croud-travel.pages.dev/posts/aquarium-dolphin-seaworld-marine-resort-hotels-guide/,2,40,5%,6.35
https://croud-travel.pages.dev/posts/huge-volume-abundant-gushing-onsen-hotels-guide/,2,37,5.41%,6.89
https://croud-travel.pages.dev/posts/tohoku-shinkansen-station-walk-onsen-hotels-guide/,2,34,5.88%,9.41
https://croud-travel.pages.dev/posts/airport-runway-plane-view-flight-simulator-hotels-guide/,2,32,6.25%,7.19
https://croud-travel.pages.dev/campaigns/autumn-gourmet-travel/,2,32,6.25%,10.56
https://croud-travel.pages.dev/posts/autumn-ehime-imabari-10selection,2,32,6.25%,16.09
https://croud-travel.pages.dev/posts/horse-meat-sakura-nabe-sashimi-hot-spring-hotels-guide/,2,30,6.67%,7.33
https://croud-travel.pages.dev/prefectures/,2,30,6.67%,49.4
https://croud-travel.pages.dev/posts/resort-hokkaido-hakodate-morning-buffet-guide/,2,26,7.69%,11.23
https://croud-travel.pages.dev/posts/1938/,2,25,8%,11.2
https://croud-travel.pages.dev/posts/barrel-sauna-private-onsen-villa-hotels-guide,2,23,8.7%,4.04
https://croud-travel.pages.dev/posts/hotel-amenity-takehome-rules-guide/,2,21,9.52%,7.05
https://croud-travel.pages.dev/posts/167120/,2,21,9.52%,9.48
https://croud-travel.pages.dev/posts/184469/,2,21,9.52%,10.43
https://croud-travel.pages.dev/posts/kawadoko-riverbed-dining-onsen-hotels-guide/,2,19,10.53%,7.42
https://croud-travel.pages.dev/posts/october-travel-city-echigo-yuzawa-kids-family-guide/,2,18,11.11%,7.72
https://croud-travel.pages.dev/posts/ankou-dobujiru-hotpot-winter-gourmet-hotels-guide/,2,17,11.76%,11.06
https://croud-travel.pages.dev/posts/yamanashi-katsunuma-grape-isawa-onsen-hotels-guide/,2,17,11.76%,12.47
https://croud-travel.pages.dev/posts/147735/,2,16,12.5%,14.19
https://croud-travel.pages.dev/posts/charcoal-hearth-brand-duck-cuisine-hotels-guide/,2,15,13.33%,6.07
https://croud-travel.pages.dev/posts/13692/,2,14,14.29%,8
https://croud-travel.pages.dev/posts/16181/,2,14,14.29%,11
https://croud-travel.pages.dev/posts/177122/,2,14,14.29%,14.36
https://croud-travel.pages.dev/posts/104615/,2,13,15.38%,8.31
https://croud-travel.pages.dev/posts/yunoko-matsubaraso-ocean-sunset-guide/,2,13,15.38%,10
https://croud-travel.pages.dev/posts/october-travel-city-amanohashidate-miyazu-kids-family-guide/,2,13,15.38%,11
https://croud-travel.pages.dev/prefectures/nara/souvenirs/,2,13,15.38%,17.08
https://croud-travel.pages.dev/posts/setouchiso-sakaide-seto-bridge-udon-guide/,2,12,16.67%,12.5
https://croud-travel.pages.dev/posts/5081/,2,10,20%,20.2
https://croud-travel.pages.dev/posts/196483/,2,9,22.22%,8.67
https://croud-travel.pages.dev/posts/54518/,2,8,25%,5.25
https://croud-travel.pages.dev/posts/37846/,2,8,25%,6.62
https://croud-travel.pages.dev/autumn-gourmet-matsutake-wagyu/,2,8,25%,16.62
https://croud-travel.pages.dev/posts/ocean-view-private-terrace-jacuzzi-hotels-guide/,2,7,28.57%,5.86
https://croud-travel.pages.dev/posts/8572/,2,7,28.57%,7.57
https://croud-travel.pages.dev/posts/76869/,2,7,28.57%,7.71
https://croud-travel.pages.dev/posts/15183/,2,7,28.57%,12
https://croud-travel.pages.dev/posts/825/,2,7,28.57%,21.29
https://croud-travel.pages.dev/posts/166427/,2,6,33.33%,7.17
https://croud-travel.pages.dev/posts/181970/,2,6,33.33%,7.83
https://croud-travel.pages.dev/posts/high-alkaline-smooth-skin-onsen-hotels-guide,2,6,33.33%,8.67
https://croud-travel.pages.dev/posts/carbonated-spring-effervescent-beauty-onsen-hotels-guide/,2,6,33.33%,9.5
https://croud-travel.pages.dev/posts/warayaki-katsuo-tataki-tosa-kochi-hotels-guide,2,5,40%,5.8
https://croud-travel.pages.dev/posts/151284/,2,5,40%,19.8
https://croud-travel.pages.dev/posts/ranch-farm-animal-experience-onsen-hotels-guide/,2,4,50%,8.75
https://croud-travel.pages.dev/posts/october-travel-city-nagasaki-unzen-kids-family-guide/,2,4,50%,9.25
https://croud-travel.pages.dev/posts/december-gifu-shirakawago-10selection/,2,3,66.67%,10.33
https://croud-travel.pages.dev/posts/ocean-footbath-cafe-bar-hotels-guide/,2,2,100%,3
https://croud-travel.pages.dev/posts/134809/,2,2,100%,14
https://croud-travel.pages.dev/sitemap/,1,550,0.18%,9.54
https://croud-travel.pages.dev/posts/silver-week-tohoku-shinkansen-travel-guide/,1,157,0.64%,7.9
https://croud-travel.pages.dev/posts/158566/,1,121,0.83%,14.88
https://croud-travel.pages.dev/posts/198012/,1,91,1.1%,11.44
https://croud-travel.pages.dev/posts/yunoko-onsen-matsubaraso-kumamoto-guide/,1,91,1.1%,12.47
https://croud-travel.pages.dev/posts/991/,1,89,1.12%,28.53
https://croud-travel.pages.dev/posts/mineral-mud-pack-beauty-skin-onsen-hotels-guide/,1,77,1.3%,11.79
https://croud-travel.pages.dev/posts/ibusuki-vs-kirishima-onsen-comparison-guide/,1,73,1.37%,8.64
https://croud-travel.pages.dev/prefectures/kumamoto/,1,73,1.37%,35.16
https://croud-travel.pages.dev/posts/sunrise-ocean-view-horizon-onsen-hotels-guide/,1,72,1.39%,7.53
https://croud-travel.pages.dev/posts/october-travel-city-ikaho-kids-family-guide/,1,65,1.54%,8.31
https://croud-travel.pages.dev/prefectures/tochigi/,1,65,1.54%,17.65
https://croud-travel.pages.dev/posts/nagano-famous-things-gourmet-spots-guide/,1,62,1.61%,10.69
https://croud-travel.pages.dev/posts/51870/,1,56,1.79%,9.71
https://croud-travel.pages.dev/posts/cave-onsen-dokutsu-furo-japan-ranking-guide/,1,52,1.92%,8.77
https://croud-travel.pages.dev/posts/october-travel-city-gero-onsen-kids-family-guide/,1,51,1.96%,9.31
https://croud-travel.pages.dev/features/,1,51,1.96%,32.69
https://croud-travel.pages.dev/prefectures/yamaguchi/,1,50,2%,28.66
https://croud-travel.pages.dev/tokyo-kanazawa-bus-vs-shinkansen-guide/,1,49,2.04%,6.86
https://croud-travel.pages.dev/posts/astronomy-observatory-telescope-starry-sky-hotels-guide/,1,46,2.17%,8.33
https://croud-travel.pages.dev/posts/yu-kiroro-hokkaido-resort-guide/,1,46,2.17%,18.15
https://croud-travel.pages.dev/posts/silverweek-train-access-nocar-guide/,1,45,2.22%,7.73
https://croud-travel.pages.dev/posts/october-travel-city-karuizawa-kids-family-guide/,1,43,2.33%,6.7
https://croud-travel.pages.dev/posts/november-wakayama-nachi-10selection,1,42,2.38%,22.19
https://croud-travel.pages.dev/posts/japan-souvenir-ranking-best-hotels-guide/,1,40,2.5%,9.18
https://croud-travel.pages.dev/posts/monolith-giant-rock-onsen-hotels-guide/,1,38,2.63%,5.45
https://croud-travel.pages.dev/posts/gunma-famous-things-gourmet-spots-guide/,1,38,2.63%,13.47
https://croud-travel.pages.dev/posts/owani-fujiya-hotel-guide/,1,36,2.78%,10.08
https://croud-travel.pages.dev/posts/198476/,1,30,3.33%,10.27
https://croud-travel.pages.dev/posts/noto-airport-pokemon-footbath-guide/,1,30,3.33%,11.07
https://croud-travel.pages.dev/prefectures/kanagawa/,1,30,3.33%,29.2
https://croud-travel.pages.dev/posts/alkaline-simple-beauty-hot-spring-hotels-guide/,1,29,3.45%,7.52
https://croud-travel.pages.dev/posts/traditional-candle-warosoku-artisan-onsen-hotels-guide/,1,28,3.57%,6.54
https://croud-travel.pages.dev/posts/toyama-famous-things-gourmet-spots-guide/,1,28,3.57%,22.96
https://croud-travel.pages.dev/posts/october-travel-city-senboku-kids-family-guide/,1,26,3.85%,10.12
https://croud-travel.pages.dev/posts/13814/,1,26,3.85%,11.08
https://croud-travel.pages.dev/posts/autumn-yamagata-ginzan-zao-10selection/,1,26,3.85%,12.15
https://croud-travel.pages.dev/posts/sea-of-clouds-sky-terrace-resort-hotels-guide/,1,25,4%,9.24
https://croud-travel.pages.dev/posts/silver-week-quiet-hidden-hot-springs-hotels-guide/,1,24,4.17%,4.71
https://croud-travel.pages.dev/posts/14772/,1,23,4.35%,12.17
https://croud-travel.pages.dev/posts/107863/,1,23,4.35%,21.74
https://croud-travel.pages.dev/spots/yu-kiroro-resort/,1,21,4.76%,16
https://croud-travel.pages.dev/posts/matsutake-autumn-mushroom-kaiseki-onsen-hotels-guide/,1,20,5%,8.25
https://croud-travel.pages.dev/posts/aso-uchinamaki-yado-guide/,1,20,5%,8.5
https://croud-travel.pages.dev/posts/solo-luxury-room-dining-private-onsen-hotels-guide/,1,20,5%,8.7
https://croud-travel.pages.dev/posts/winter-brand-tagged-crab-echizen-matsuba-onsen-hotels-guide/,1,20,5%,9.75
https://croud-travel.pages.dev/posts/cycling-ebike-shimanami-biwaichi-hotels-guide/,1,19,5.26%,8.42
https://croud-travel.pages.dev/posts/milky-emerald-sulfur-hotspring-hotels-guide/,1,19,5.26%,15.47
https://croud-travel.pages.dev/posts/miyazaki-famous-things-gourmet-spots-guide,1,19,5.26%,17.58
https://croud-travel.pages.dev/posts/autumn-shikoku-katsuo-gourmet-guide/,1,19,5.26%,17.79
https://croud-travel.pages.dev/posts/all-inclusive-local-sake-free-drink-onsen-hotels-guide/,1,18,5.56%,5.89
https://croud-travel.pages.dev/posts/october-travel-tokyo-kids-family-guide/,1,18,5.56%,6
https://croud-travel.pages.dev/posts/high-alkaline-smooth-skin-onsen-hotels-guide/,1,18,5.56%,7.22
https://croud-travel.pages.dev/posts/195645/,1,18,5.56%,10.06
https://croud-travel.pages.dev/posts/atagawa-ichiryukaku-guide/,1,18,5.56%,10.33
https://croud-travel.pages.dev/posts/matsutake-autumn-mushroom-kaiseki-onsen-hotels-guide,1,18,5.56%,10.33
https://croud-travel.pages.dev/posts/bamboo-craft-kumiko-woodwork-artisan-onsen-hotels-guide/,1,17,5.88%,4.18
https://croud-travel.pages.dev/posts/kagoshima-city-sakurajima-tenmonkan-hotels-guide/,1,17,5.88%,13.35
https://croud-travel.pages.dev/prefectures/niigata/yuzawa/,1,17,5.88%,16
https://croud-travel.pages.dev/posts/10934/,1,16,6.25%,8.19
https://croud-travel.pages.dev/posts/181782/,1,16,6.25%,9.12
https://croud-travel.pages.dev/posts/nyuto-taenoyu-guide,1,16,6.25%,9.56
https://croud-travel.pages.dev/posts/187285/,1,16,6.25%,10.19
https://croud-travel.pages.dev/posts/151046/,1,16,6.25%,15.31
https://croud-travel.pages.dev/posts/terraced-rice-fields-satoyama-resort-hotels-guide,1,15,6.67%,5.13
https://croud-travel.pages.dev/posts/149101/,1,15,6.67%,9.67
https://croud-travel.pages.dev/posts/october-travel-city-beppu-yufuin-kids-family-guide/,1,15,6.67%,9.87
https://croud-travel.pages.dev/posts/38692/,1,15,6.67%,11.53
https://croud-travel.pages.dev/posts/aso-minamiaso-uchinomaki-hotels-guide/,1,15,6.67%,17.07
https://croud-travel.pages.dev/posts/aso-uchinamaki-yado-guide,1,14,7.14%,7.5
https://croud-travel.pages.dev/posts/184089/,1,14,7.14%,12
https://croud-travel.pages.dev/posts/ooishiya-ryokan-deyutonsen-pet-radium-guide/,1,14,7.14%,22.5
https://croud-travel.pages.dev/posts/october-travel-city-ishigakijima-kids-family-guide/,1,14,7.14%,25.93
https://croud-travel.pages.dev/posts/luxury-panoramic-view-bath-jacuzzi-hotels-guide/,1,13,7.69%,5.85
https://croud-travel.pages.dev/posts/october-travel-city-fukuyama-tomonoura-kids-family-guide/,1,13,7.69%,8.85
https://croud-travel.pages.dev/posts/kofu-station-onsen-city-hotels-guide/,1,13,7.69%,9.77
https://croud-travel.pages.dev/posts/8921/,1,13,7.69%,10.92
https://croud-travel.pages.dev/posts/197415/,1,13,7.69%,11.15
https://croud-travel.pages.dev/posts/bar-hotel-whisky-cocktail-retreat-hotels-guide/,1,13,7.69%,11.62
https://croud-travel.pages.dev/posts/october-travel-city-yatsugatake-kiyosato-kids-family-guide/,1,13,7.69%,13.38
https://croud-travel.pages.dev/posts/4922/,1,13,7.69%,19.23
https://croud-travel.pages.dev/posts/silver-week-scenic-sauna-resort-hotels-guide/,1,12,8.33%,7.5
https://croud-travel.pages.dev/posts/shirahama-hotel-kawakyu-guide/,1,12,8.33%,8.58
https://croud-travel.pages.dev/posts/projector-cinema-theater-room-hotels-guide/,1,12,8.33%,9.17
https://croud-travel.pages.dev/posts/atagawa-prince-hotel-guide/,1,12,8.33%,9.25
https://croud-travel.pages.dev/posts/october-travel-city-kyoto-arashiyama-kids-family-guide/,1,12,8.33%,12.25
https://croud-travel.pages.dev/posts/108996/,1,12,8.33%,16.33
https://croud-travel.pages.dev/posts/japan-nationwide-gotochi-special-feature-guide,1,11,9.09%,4.27
https://croud-travel.pages.dev/posts/184443/,1,11,9.09%,6.45
https://croud-travel.pages.dev/posts/okinawa-sheraton-halekulani-southern-village-guide/,1,11,9.09%,6.82
https://croud-travel.pages.dev/posts/silverweek-history-powerspot-guide/,1,11,9.09%,7.18
https://croud-travel.pages.dev/posts/canoe-kayak-sup-lakeside-resort-hotels-guide,1,11,9.09%,7.64
https://croud-travel.pages.dev/posts/october-travel-miyagi-kids-family-guide/,1,11,9.09%,8.73
https://croud-travel.pages.dev/posts/29878/,1,11,9.09%,9.64
https://croud-travel.pages.dev/posts/kusatsu-naraya-guide/,1,11,9.09%,9.82
https://croud-travel.pages.dev/posts/yufuin-onsen-hanare-guide,1,11,9.09%,13.09
https://croud-travel.pages.dev/posts/1145/,1,11,9.09%,13.91
https://croud-travel.pages.dev/posts/181404/,1,11,9.09%,14
https://croud-travel.pages.dev/posts/october-travel-city-katsuura-nachi-kids-family-guide/,1,10,10%,5.9
https://croud-travel.pages.dev/posts/arita-imari-hasami-pottery-hotels-guide/,1,10,10%,8.2
https://croud-travel.pages.dev/posts/pure-alkaline-peeling-beauty-onsen-hotels-guide/,1,10,10%,8.2
https://croud-travel.pages.dev/posts/50215/,1,10,10%,9.5
https://croud-travel.pages.dev/posts/hakone-senkei-guide/,1,10,10%,9.8
https://croud-travel.pages.dev/posts/harazuru-chikugogawa-double-beauty-onsen-hotels-guide/,1,10,10%,10.2
https://croud-travel.pages.dev/posts/20447/,1,10,10%,11.1
https://croud-travel.pages.dev/posts/187432/,1,10,10%,11.2
https://croud-travel.pages.dev/usj-trip-packing-regrets-worst5-guide/,1,10,10%,11.7
https://croud-travel.pages.dev/posts/october-travel-toyama-kids-family-guide/,1,10,10%,12.3
https://croud-travel.pages.dev/posts/15239/,1,10,10%,15.3
https://croud-travel.pages.dev/posts/gora-madokanomori-guide/,1,10,10%,18.1
https://croud-travel.pages.dev/posts/solo-travel-luxury-guide/,1,10,10%,21.4
https://croud-travel.pages.dev/posts/kurokawa-famous-things-gourmet-hotels-guide/,1,10,10%,46.8
https://croud-travel.pages.dev/posts/infinity-footbath-terrace-cafe-bar-hotels-guide,1,9,11.11%,4
https://croud-travel.pages.dev/posts/infinity-footbath-terrace-cafe-bar-hotels-guide/,1,9,11.11%,4.89
https://croud-travel.pages.dev/posts/3044/,1,9,11.11%,6.56
https://croud-travel.pages.dev/posts/tokyo-hotels-selection-guide/,1,9,11.11%,7.22
https://croud-travel.pages.dev/posts/8427/,1,9,11.11%,8.89
https://croud-travel.pages.dev/posts/mito-kairakuen-fukuroda-falls-hotels-guide/,1,9,11.11%,12.11
https://croud-travel.pages.dev/posts/sake-brewery-pairing-gourmet-onsen-hotels-guide,1,9,11.11%,12.11
https://croud-travel.pages.dev/posts/centia-hotel-naito/,1,9,11.11%,12.78
https://croud-travel.pages.dev/posts/autumn-hokkaido-noboribetsu-jigokudani-guide/,1,9,11.11%,13.67
https://croud-travel.pages.dev/posts/agriturismo-farm-stay-harvest-experience-hotels-guide/,1,9,11.11%,14.44
https://croud-travel.pages.dev/posts/27984/,1,9,11.11%,14.78
https://croud-travel.pages.dev/posts/193449/,1,9,11.11%,15.67
https://croud-travel.pages.dev/posts/arima-hyoe-koyokaku-guide/,1,9,11.11%,17
https://croud-travel.pages.dev/posts/furano-biei-asahikawa-hotels-guide/,1,9,11.11%,19.67
https://croud-travel.pages.dev/posts/shiitake-mushroom-harvest-charcoal-grill-onsen-hotels-guide/,1,8,12.5%,4.62
https://croud-travel.pages.dev/posts/10949/,1,8,12.5%,6.75
https://croud-travel.pages.dev/posts/october-travel-city-aizu-kids-family-guide/,1,8,12.5%,7
https://croud-travel.pages.dev/spots/higashi-chaya/,1,8,12.5%,7.88
https://croud-travel.pages.dev/posts/149298/,1,8,12.5%,8
https://croud-travel.pages.dev/posts/108140/,1,8,12.5%,8.38
https://croud-travel.pages.dev/posts/kusatsu-otsu-ishiyamadera-shigaraki-hotels-guide/,1,8,12.5%,8.62
https://croud-travel.pages.dev/posts/hotel-tajimi-hills-riverside-guide/,1,8,12.5%,8.88
https://croud-travel.pages.dev/posts/october-travel-city-mutsu-shimokita-kids-family-guide/,1,8,12.5%,9.25
https://croud-travel.pages.dev/posts/tateyama-kazenosho-guide/,1,8,12.5%,9.88
https://croud-travel.pages.dev/posts/167067/,1,8,12.5%,12.75
https://croud-travel.pages.dev/posts/16248/,1,8,12.5%,18.62
https://croud-travel.pages.dev/posts/18159/,1,8,12.5%,20.5
https://croud-travel.pages.dev/posts/107865/,1,8,12.5%,21
https://croud-travel.pages.dev/posts/5113/,1,8,12.5%,25.75
https://croud-travel.pages.dev/posts/charcoal-hearth-brand-free-range-chicken-hotels-guide/,1,7,14.29%,4.86
https://croud-travel.pages.dev/posts/forest-bathing-nature-eco-resort-hotels-guide/,1,7,14.29%,5.86
https://croud-travel.pages.dev/posts/noto-airport-pokemon-footbath-guide,1,7,14.29%,7.71
https://croud-travel.pages.dev/posts/76918/,1,7,14.29%,8.14
https://croud-travel.pages.dev/posts/17668/,1,7,14.29%,9
https://croud-travel.pages.dev/posts/8137/,1,7,14.29%,10.57
https://croud-travel.pages.dev/posts/october-travel-city-shimonoseki-tsunoshima-kids-family-guide/,1,7,14.29%,13
https://croud-travel.pages.dev/posts/19304/,1,7,14.29%,13.29
https://croud-travel.pages.dev/posts/8733/,1,7,14.29%,13.43
https://croud-travel.pages.dev/posts/sea-of-clouds-mountain-panoramic-resort-hotels-guide/,1,7,14.29%,16.71
https://croud-travel.pages.dev/posts/autumn-hokuriku-toyama-himi-buri-guide/,1,7,14.29%,30.29
https://croud-travel.pages.dev/posts/137820/,1,6,16.67%,5.67
https://croud-travel.pages.dev/posts/67486/,1,6,16.67%,6.33
https://croud-travel.pages.dev/posts/814/,1,6,16.67%,7.17
https://croud-travel.pages.dev/posts/manga-comic-reading-stay-hot-spring-hotels-guide/,1,6,16.67%,7.67
https://croud-travel.pages.dev/usj-trip-packing-regrets-worst5-guide,1,6,16.67%,9.17
https://croud-travel.pages.dev/posts/shima-kankohotel-the-classic-guide/,1,6,16.67%,9.5
https://croud-travel.pages.dev/posts/11332/,1,6,16.67%,10.83
https://croud-travel.pages.dev/posts/secret-hotspring-pure-nature-mixed-bath-hotels-guide/,1,6,16.67%,10.83
https://croud-travel.pages.dev/posts/10637/,1,6,16.67%,11.17
https://croud-travel.pages.dev/posts/bandaiatami-atamisou-guide/,1,6,16.67%,16.67
https://croud-travel.pages.dev/posts/41071/,1,6,16.67%,23.5
https://croud-travel.pages.dev/posts/october-travel-city-tottori-yonago-kids-family-guide,1,6,16.67%,26.83
https://croud-travel.pages.dev/posts/hagi-castle-town-shokasonjuku-hotels-guide/,1,5,20%,4.2
https://croud-travel.pages.dev/posts/silverweek-history-powerspot-guide,1,5,20%,4.2
https://croud-travel.pages.dev/posts/autumn-hokkaido-crab-gourmet-guide/,1,5,20%,4.8
https://croud-travel.pages.dev/posts/147706/,1,5,20%,5.4
https://croud-travel.pages.dev/posts/october-travel-aomori-kids-family-guide/,1,5,20%,5.6
https://croud-travel.pages.dev/posts/noboribetsu-toya-niseko-doto-hotels-guide/,1,5,20%,6
https://croud-travel.pages.dev/posts/winter-shirako-milt-tsufunabe-onsen-hotels-guide,1,5,20%,6.4
https://croud-travel.pages.dev/posts/161182/,1,5,20%,8
https://croud-travel.pages.dev/posts/autumn-hokkaido-crab-gourmet-guide,1,5,20%,8.4
https://croud-travel.pages.dev/posts/187477/,1,5,20%,9
https://croud-travel.pages.dev/posts/autumn-kanto-chichibu-soba-guide/,1,5,20%,9
https://croud-travel.pages.dev/posts/gora-madokanomori-review-guide/,1,5,20%,9.8
https://croud-travel.pages.dev/posts/kusatsu-kanamidori-review-guide,1,5,20%,10
https://croud-travel.pages.dev/posts/geisha-maiko-ozashiki-asobi-traditional-onsen-hotels-guide/,1,5,20%,10.4
https://croud-travel.pages.dev/posts/oga-kankohotel-guide/,1,5,20%,12.2
https://croud-travel.pages.dev/posts/stargazing-planetarium-astronomy-resort-hotels-guide/,1,5,20%,18.2
https://croud-travel.pages.dev/posts/179887/,1,4,25%,4.5
https://croud-travel.pages.dev/posts/silverweek-solo-travel-guide/,1,4,25%,4.75
https://croud-travel.pages.dev/posts/14526/,1,4,25%,5.75
https://croud-travel.pages.dev/posts/october-travel-city-tanabe-minabe-kids-family-guide/,1,4,25%,6.5
https://croud-travel.pages.dev/posts/4784/,1,4,25%,7
https://croud-travel.pages.dev/posts/pottery-craft-woodwork-artisan-retreat-hotels-guide/,1,4,25%,7
https://croud-travel.pages.dev/posts/autumn-tohoku-iwate-salmon-gourmet-guide/,1,4,25%,7.75
https://croud-travel.pages.dev/posts/autumn-kansai-matsutake-gourmet-guide,1,4,25%,8
https://croud-travel.pages.dev/posts/october-travel-city-shimantocho-nakatosa-kids-family-guide/,1,4,25%,9
https://croud-travel.pages.dev/posts/october-travel-city-shiroishi-zao-kids-family-guide/,1,4,25%,9
https://croud-travel.pages.dev/posts/28601/,1,4,25%,9.75
https://croud-travel.pages.dev/posts/165829/,1,4,25%,10.25
https://croud-travel.pages.dev/posts/20354/,1,4,25%,10.25
https://croud-travel.pages.dev/posts/14931/,1,4,25%,11.25
https://croud-travel.pages.dev/posts/husky-dog-sledding-snowmobile-snow-resort-hotels-guide/,1,4,25%,12
https://croud-travel.pages.dev/posts/october-travel-city-noto-wajima-kids-family-guide/,1,4,25%,12.25
https://croud-travel.pages.dev/posts/73964/,1,4,25%,13.5
https://croud-travel.pages.dev/posts/autumn-kagoshima-kirishima-ibusuki-10selection/,1,4,25%,13.75
https://croud-travel.pages.dev/posts/901/,1,4,25%,15.75
https://croud-travel.pages.dev/posts/atsumi-bankokuya-guide/,1,4,25%,17.75
https://croud-travel.pages.dev/posts/75193/,1,4,25%,31
https://croud-travel.pages.dev/posts/natural-carbonated-spring-sparkling-hotels-guide/,1,3,33.33%,5
https://croud-travel.pages.dev/posts/river-boat-cruising-rapids-onsen-hotels-guide/,1,3,33.33%,5.33
https://croud-travel.pages.dev/posts/artisan-sushi-making-master-seafood-onsen-hotels-guide/,1,3,33.33%,6.33
https://croud-travel.pages.dev/posts/autumn-koshinetsu-yamagata-chestnut-guide/,1,3,33.33%,6.67
https://croud-travel.pages.dev/posts/hotel-wifi-speed-remote-work-guide/,1,3,33.33%,7
https://croud-travel.pages.dev/posts/goto-islands-iki-tsushima-hotels-guide,1,3,33.33%,7.33
https://croud-travel.pages.dev/posts/october-travel-city-matsushima-shiogama-kids-family-guide/,1,3,33.33%,7.33
https://croud-travel.pages.dev/posts/nagano-unkai-terrace-highland-resort-hotels-guide/,1,3,33.33%,8
https://croud-travel.pages.dev/posts/premium-wagyu-beef-gourmet-onsen-hotels-guide/,1,3,33.33%,8
https://croud-travel.pages.dev/posts/soba-making-experience-handcrafted-noodle-onsen-hotels-guide/,1,3,33.33%,8.33
https://croud-travel.pages.dev/posts/53752/,1,3,33.33%,9
https://croud-travel.pages.dev/posts/october-travel-okinawa-kids-family-guide/,1,3,33.33%,9
https://croud-travel.pages.dev/posts/october-travel-city-kamakura-enoshima-kids-family-guide/,1,3,33.33%,9.33
https://croud-travel.pages.dev/posts/sauna-totonoi-mizuburo-best-hotels-guide/,1,3,33.33%,9.67
https://croud-travel.pages.dev/posts/141247/,1,3,33.33%,10.67
https://croud-travel.pages.dev/posts/oga-yuzankaku-guide/,1,3,33.33%,11
https://croud-travel.pages.dev/posts/miyajima-kinsuikan-guide/,1,3,33.33%,12
https://croud-travel.pages.dev/posts/13539/,1,3,33.33%,13
https://croud-travel.pages.dev/posts/18682/,1,3,33.33%,13
https://croud-travel.pages.dev/posts/199224/,1,3,33.33%,17
https://croud-travel.pages.dev/posts/october-travel-city-kaminoyama-yamagata-ap-kids-family-guide/,1,3,33.33%,20.33
https://croud-travel.pages.dev/furusato-tax-welcome-baby-family-kids-stay/,1,2,50%,2
https://croud-travel.pages.dev/posts/ine-funaya-floating-water-villa-hotels-guide/,1,2,50%,2.5
https://croud-travel.pages.dev/posts/tsukioka-onsen-emerald-sulfur-spring-hotels-guide/,1,2,50%,5.5
https://croud-travel.pages.dev/posts/nara-hotels-selection-guide/,1,2,50%,6.5
https://croud-travel.pages.dev/posts/142863/,1,2,50%,7
https://croud-travel.pages.dev/posts/147483/,1,2,50%,8
https://croud-travel.pages.dev/posts/drift-ice-walk-icebreaker-cruise-okhotsk-hotels-guide/,1,2,50%,8.5
https://croud-travel.pages.dev/posts/jigokumushi-steam-spring-gourmet-hotels-guide/,1,2,50%,9.5
https://croud-travel.pages.dev/posts/179145/,1,2,50%,10
https://croud-travel.pages.dev/posts/theme-lastminute-discount-cheap-onsen-guide/,1,2,50%,11
https://croud-travel.pages.dev/posts/136816/,1,2,50%,12
https://croud-travel.pages.dev/posts/himi-onsen-tateyama-view-buri-guide/,1,2,50%,13
https://croud-travel.pages.dev/posts/historic-classic-cultural-heritage-hotels-guide/,1,2,50%,13.5
https://croud-travel.pages.dev/posts/183689/,1,2,50%,17.5
https://croud-travel.pages.dev/posts/morioka-city-tsunagi-onsen-shizukuishi-hotels-guide/,1,2,50%,20
https://croud-travel.pages.dev/posts/1513/,1,2,50%,28.5
https://croud-travel.pages.dev/posts/wakayama-hotels-selection-guide/,1,1,100%,1
https://croud-travel.pages.dev/posts/kusatsu-fudangi-guide/,1,1,100%,2
https://croud-travel.pages.dev/posts/october-travel-oita-kids-family-guide/,1,1,100%,3
https://croud-travel.pages.dev/posts/surfing-school-beachfront-ocean-onsen-hotels-guide/,1,1,100%,3
https://croud-travel.pages.dev/posts/tono-folklore-kappa-craft-beer-hotels-guide/,1,1,100%,4
https://croud-travel.pages.dev/posts/autumn-tohoku-salmon-gourmet-guide/,1,1,100%,6
https://croud-travel.pages.dev/spots/higashi-chaya,1,1,100%,6
https://croud-travel.pages.dev/posts/autumn-hokkaido-hakodate-seafood-guide/,1,1,100%,8
https://croud-travel.pages.dev/posts/october-travel-city-ina-kiso-kids-family-guide/,1,1,100%,8
https://croud-travel.pages.dev/posts/193894/,1,1,100%,10
https://croud-travel.pages.dev/posts/5900/,1,1,100%,11
https://croud-travel.pages.dev/posts/wild-kue-grouper-hot-spring-hotels-guide/,1,1,100%,16
https://croud-travel.pages.dev/posts/14007/,1,1,100%,24
https://croud-travel.pages.dev/posts/7719/,1,1,100%,26
https://croud-travel.pages.dev/posts/akita-famous-kiritanpo-hinai-sake-hotels-guide/,1,1,100%,38
https://croud-travel.pages.dev/posts/166277/,1,1,100%,53
https://croud-travel.pages.dev/posts/autumn-gifu-gero-10selection/,0,409,0%,16.44
https://croud-travel.pages.dev/posts/famous-spots-and-souvenirs-japan-prefecture-guide/,0,292,0%,7.85
https://croud-travel.pages.dev/posts/yamanashi-onsen-ranking-hotels-guide/,0,159,0%,32.51
https://croud-travel.pages.dev/posts/ibaraki-onsen-ranking-hotels-guide/,0,157,0%,32.73
https://croud-travel.pages.dev/posts/obon-travel-guide/,0,135,0%,32.61
https://croud-travel.pages.dev/posts/hyogo-onsen-ranking-hotels-guide/,0,132,0%,34.2
https://croud-travel.pages.dev/posts/autumn-miyagi-matsushima-10selection/,0,126,0%,39.42
https://croud-travel.pages.dev/prefectures/shimane/,0,125,0%,57.67
https://croud-travel.pages.dev/posts/9474/,0,118,0%,24.24
https://croud-travel.pages.dev/family-baby-welcome-onsen/,0,118,0%,43.32
https://croud-travel.pages.dev/posts/hotel-385-miyakojima-hikaru-rezard-guide/,0,117,0%,9.97
https://croud-travel.pages.dev/posts/yamagata-onsen-ranking-hotels-guide,0,111,0%,35.78
https://croud-travel.pages.dev/prefectures/shiga/,0,97,0%,18.86
https://croud-travel.pages.dev/posts/18909/,0,97,0%,34.71
https://croud-travel.pages.dev/posts/blacksmith-blade-forging-artisan-onsen-hotels-guide/,0,95,0%,7.94
https://croud-travel.pages.dev/campaigns/,0,95,0%,16.65
https://croud-travel.pages.dev/posts/centia-hotel-naito-kofu-stay-guide/,0,86,0%,45.36
https://croud-travel.pages.dev/posts/miyagi-onsen-ranking-hotels-guide/,0,81,0%,26.53
https://croud-travel.pages.dev/posts/sukayu-onsen-thousand-people-bath-aomori-guide,0,81,0%,41.22
https://croud-travel.pages.dev/posts/30939/,0,78,0%,36.21
https://croud-travel.pages.dev/posts/november-miyagi-matsushima-10selection/,0,78,0%,37.44
https://croud-travel.pages.dev/posts/kochi-city-hirome-kochi-castle-hotels-guide/,0,76,0%,17.03
https://croud-travel.pages.dev/posts/december-aomori-hirosaki-10selection/,0,75,0%,21.41
https://croud-travel.pages.dev/posts/mie-onsen-ranking-hotels-guide/,0,73,0%,38.22
https://croud-travel.pages.dev/posts/saitama-famous-things-gourmet-spots-guide/,0,72,0%,16.46
https://croud-travel.pages.dev/prefectures/hokkaido/,0,72,0%,49.53
https://croud-travel.pages.dev/posts/radium-radon-hormesis-metabolism-hotels-guide/,0,71,0%,18.28
https://croud-travel.pages.dev/posts/autumn-miyagi-sendai-akiu-10selection,0,71,0%,42.13
https://croud-travel.pages.dev/prefectures/akita/,0,71,0%,45.99
https://croud-travel.pages.dev/posts/shimane-famous-things-gourmet-spots-guide/,0,70,0%,12.6
https://croud-travel.pages.dev/posts/fukushima-onsen-ranking-hotels-guide/,0,67,0%,35.87
https://croud-travel.pages.dev/posts/nagano-hotels-selection-guide/,0,66,0%,30.11
https://croud-travel.pages.dev/posts/aomori-onsen-ranking-hotels-guide/,0,65,0%,37.72
https://croud-travel.pages.dev/,0,63,0%,26.16
https://croud-travel.pages.dev/posts/shikotsuko-onsen-hokkaido-guide/,0,63,0%,30.57
https://croud-travel.pages.dev/prefectures/nara/,0,63,0%,35.75
https://croud-travel.pages.dev/posts/autumn-kanto-chiba-kamogawa-seafood-guide/,0,63,0%,36.03
https://croud-travel.pages.dev/prefectures/ibaraki/kashima/,0,62,0%,13.31
https://croud-travel.pages.dev/posts/sumoto-onsen-awaji-ranking-hotels-guide/,0,62,0%,19.16
https://croud-travel.pages.dev/posts/gero-onsen-ranking-gourmet-hotels-guide/,0,62,0%,38.19
https://croud-travel.pages.dev/prefectures/miyagi/,0,62,0%,50.58
https://croud-travel.pages.dev/posts/theme-solo-travel-heya-shoku-onsen-guide/,0,61,0%,29.54
https://croud-travel.pages.dev/posts/hirugami-onsen-achi-starry-sky-hotels-guide/,0,60,0%,29.42
https://croud-travel.pages.dev/posts/saga-onsen-ranking-hotels-guide/,0,60,0%,39.03
https://croud-travel.pages.dev/prefectures/ehime/,0,60,0%,44.18
https://croud-travel.pages.dev/posts/yu-kiroro-hokkaido-luxury-stay-guide/,0,59,0%,12.03
https://croud-travel.pages.dev/posts/november-wakayama-nachi-10selection/,0,59,0%,25.59
https://croud-travel.pages.dev/posts/zao-onsen-yamagata-ranking-hotels-guide/,0,59,0%,35.59
https://croud-travel.pages.dev/prefectures/iwate/,0,59,0%,45.88
https://croud-travel.pages.dev/posts/50242/,0,58,0%,27.05
https://croud-travel.pages.dev/posts/gifu-onsen-ranking-hotels-guide/,0,58,0%,36.84
https://croud-travel.pages.dev/prefectures/saga/,0,58,0%,43.33
https://croud-travel.pages.dev/prefectures/yamagata/,0,58,0%,53.69
https://croud-travel.pages.dev/posts/october-travel-city-furano-biei-kids-family-guide/,0,57,0%,11.37
https://croud-travel.pages.dev/prefectures/ibaraki/,0,57,0%,39.6
https://croud-travel.pages.dev/prefectures/nagano/,0,55,0%,23.6
https://croud-travel.pages.dev/prefectures/wakayama/,0,55,0%,27.65
https://croud-travel.pages.dev/prefectures/kagoshima/,0,54,0%,31.63
https://croud-travel.pages.dev/prefectures/miyazaki/,0,53,0%,46.98
https://croud-travel.pages.dev/posts/hokkaido-famous-things-gourmet-spots-guide/,0,52,0%,17.13
https://croud-travel.pages.dev/posts/autumn-kagoshima-kirishima-10selection/,0,51,0%,19.06
https://croud-travel.pages.dev/prefectures/tottori/,0,51,0%,21.76
https://croud-travel.pages.dev/prefectures/osaka/,0,51,0%,43.86
https://croud-travel.pages.dev/prefectures/aichi/,0,50,0%,22.34
https://croud-travel.pages.dev/posts/otaru-furukawa-canal-view-retro-guide/,0,50,0%,29.04
https://croud-travel.pages.dev/posts/miyagi-onsen-ranking-hotels-guide,0,49,0%,28.45
https://croud-travel.pages.dev/prefectures/aomori/,0,49,0%,38.82
https://croud-travel.pages.dev/prefectures/tokushima/,0,48,0%,27.75
https://croud-travel.pages.dev/posts/nagasaki-onsen-ranking-hotels-guide,0,48,0%,33
https://croud-travel.pages.dev/posts/kagoshima-onsen-ranking-hotels-guide/,0,48,0%,35.15
https://croud-travel.pages.dev/posts/128351/,0,47,0%,22.98
https://croud-travel.pages.dev/posts/kirishima-akamatsuso-onsen-minshuku-guide/,0,46,0%,12.26
https://croud-travel.pages.dev/posts/kochi-sansuien-castle-history-tataki-guide/,0,46,0%,19.63
https://croud-travel.pages.dev/posts/autumn-yamagata-zao-10selection/,0,46,0%,27.67
https://croud-travel.pages.dev/posts/fukui-onsen-ranking-hotels-guide/,0,46,0%,34.65
https://croud-travel.pages.dev/posts/october-travel-city-shodoshima-kids-family-guide/,0,45,0%,8.93
https://croud-travel.pages.dev/posts/sukayu-onsen-guide/,0,45,0%,40.67
https://croud-travel.pages.dev/prefectures/hyogo/souvenirs/,0,45,0%,41.31
https://croud-travel.pages.dev/prefectures/saga/souvenirs/,0,44,0%,43.3
https://croud-travel.pages.dev/posts/ginzan-onsen-obanazawa-hotels-guide/,0,44,0%,45
https://croud-travel.pages.dev/posts/november-kumamoto-aso-10selection/,0,43,0%,31.77
https://croud-travel.pages.dev/posts/tottori-onsen-ranking-hotels-guide/,0,43,0%,34.12
https://croud-travel.pages.dev/posts/autumn-shizuoka-atami-10selection,0,43,0%,39.72
https://croud-travel.pages.dev/posts/79432/,0,42,0%,33.79
https://croud-travel.pages.dev/prefectures/mie/,0,41,0%,28.8
https://croud-travel.pages.dev/posts/autumn-hokkaido-otaru-herring-guide/,0,40,0%,23.23
https://croud-travel.pages.dev/posts/radium-radon-cell-activation-metabolism-hotels-guide/,0,40,0%,27.45
https://croud-travel.pages.dev/prefectures/fukushima/,0,40,0%,42.95
https://croud-travel.pages.dev/posts/naruko-hotel-guide/,0,40,0%,44.83
https://croud-travel.pages.dev/posts/mud-onsen-doroyu-pack-japan-guide/,0,39,0%,17.31
https://croud-travel.pages.dev/prefectures/kochi/,0,39,0%,32.03
https://croud-travel.pages.dev/posts/miyagi-famous-things-gourmet-spots-guide/,0,39,0%,33.1
https://croud-travel.pages.dev/posts/gunma-onsen-ranking-hotels-guide/,0,39,0%,44.77
https://croud-travel.pages.dev/posts/october-travel-city-kinugawa-nikko-kids-family-guide/,0,38,0%,10.16
https://croud-travel.pages.dev/posts/176758/,0,38,0%,17.87
https://croud-travel.pages.dev/posts/8175/,0,38,0%,19.58
https://croud-travel.pages.dev/prefectures/kyoto/kyoto-city/,0,38,0%,22.11
https://croud-travel.pages.dev/posts/december-tottori-misasa-10selection/,0,38,0%,32.63
https://croud-travel.pages.dev/prefectures/ishikawa/,0,38,0%,37.55
https://croud-travel.pages.dev/posts/autumn-kagoshima-kirishima-10selection,0,38,0%,42.53
https://croud-travel.pages.dev/kanazawa/,0,36,0%,13.69
https://croud-travel.pages.dev/posts/gero-onsen-ranking-gourmet-hotels-guide,0,36,0%,40.86
https://croud-travel.pages.dev/posts/lamp-light-secret-onsen-isolated-inns-guide/,0,35,0%,8.29
https://croud-travel.pages.dev/posts/beppu-doroyu-mud-pack-onsen-hotels-guide/,0,35,0%,8.86
https://croud-travel.pages.dev/posts/70226/,0,35,0%,14.4
https://croud-travel.pages.dev/posts/toyama-onsen-ranking-hotels-guide/,0,35,0%,31.03
https://croud-travel.pages.dev/prefectures/hyogo/,0,35,0%,42.57
https://croud-travel.pages.dev/posts/sheraton_okinawa/,0,35,0%,47.11
https://croud-travel.pages.dev/prefectures/iwate/sakes/,0,35,0%,67.57
https://croud-travel.pages.dev/posts/towadako-onsen-aomori-guide/,0,34,0%,18.91
https://croud-travel.pages.dev/prefectures/hiroshima/,0,34,0%,28.09
https://croud-travel.pages.dev/prefectures/toyama/,0,34,0%,35.09
https://croud-travel.pages.dev/prefectures/niigata/,0,33,0%,17.85
https://croud-travel.pages.dev/prefectures/chiba/,0,33,0%,52.03
https://croud-travel.pages.dev/osaka-fukuoka-bus-vs-shinkansen-guide/,0,32,0%,7.31
https://croud-travel.pages.dev/posts/miyazaki-famous-things-gourmet-spots-guide/,0,32,0%,14.06
https://croud-travel.pages.dev/posts/kyoto-onsen-ranking-hotels-guide/,0,32,0%,35.25
https://croud-travel.pages.dev/prefectures/fukui/,0,32,0%,35.47
https://croud-travel.pages.dev/posts/hirosaki-onsen-aomori-guide/,0,32,0%,39.09
https://croud-travel.pages.dev/posts/okinawa-onsen-ranking-hotels-guide/,0,32,0%,41.09
https://croud-travel.pages.dev/posts/182440/,0,31,0%,7.29
https://croud-travel.pages.dev/posts/board-game-entertainment-play-hotels-guide/,0,31,0%,8.45
https://croud-travel.pages.dev/posts/166513/,0,31,0%,9.03
https://croud-travel.pages.dev/prefectures/miyazaki/sakes/,0,31,0%,14.16
https://croud-travel.pages.dev/prefectures/okayama/,0,31,0%,26.81
https://croud-travel.pages.dev/prefectures/okinawa/,0,31,0%,32.45
https://croud-travel.pages.dev/posts/chiba-onsen-ranking-hotels-guide,0,31,0%,46.74
https://croud-travel.pages.dev/posts/180565/,0,30,0%,11.9
https://croud-travel.pages.dev/posts/autumn-hokkaido-soukyo-10selection/,0,30,0%,29.63
https://croud-travel.pages.dev/posts/october-travel-city-onomichi-shimanami-kids-family-guide/,0,29,0%,16.34
https://croud-travel.pages.dev/posts/noboribetsu-mahoba-guide/,0,29,0%,17
https://croud-travel.pages.dev/posts/181992/,0,29,0%,20.66
https://croud-travel.pages.dev/posts/136952/,0,29,0%,21.55
https://croud-travel.pages.dev/posts/autumn-kagoshima-ibusuki-10selection/,0,29,0%,22.03
https://croud-travel.pages.dev/posts/autumn-hokkaido-jozankei-10selection/,0,29,0%,30.34
https://croud-travel.pages.dev/posts/shimane-onsen-ranking-hotels-guide/,0,29,0%,41.34
https://croud-travel.pages.dev/posts/hokkaido-onsen-ranking-hotels-guide,0,29,0%,44.79
https://croud-travel.pages.dev/prefectures/yamanashi/,0,29,0%,51.86
https://croud-travel.pages.dev/posts/7382/,0,28,0%,22.5
https://croud-travel.pages.dev/posts/10832/,0,28,0%,32
https://croud-travel.pages.dev/posts/autumn-toyama-unazuki-kurobe-10selection,0,28,0%,37.29
https://croud-travel.pages.dev/posts/kumamoto-onsen-ranking-hotels-guide/,0,28,0%,41.14
https://croud-travel.pages.dev/posts/182668/,0,27,0%,14.7
https://croud-travel.pages.dev/posts/chichibu-ryozanpaku-guide/,0,27,0%,15.52
https://croud-travel.pages.dev/posts/hirugami-onsen-achi-starry-sky-bihada-guide,0,27,0%,25.37
https://croud-travel.pages.dev/posts/shizuoka-onsen-ranking-hotels-guide/,0,27,0%,42.85
https://croud-travel.pages.dev/autumn-leaves/,0,27,0%,42.89
https://croud-travel.pages.dev/posts/yamanashi-onsen-ranking-hotels-guide,0,27,0%,45.37
https://croud-travel.pages.dev/tokyo-disney-resort-partner-official-hotel-stay/,0,27,0%,49.96
https://croud-travel.pages.dev/posts/149238/,0,26,0%,8.77
https://croud-travel.pages.dev/posts/7243/,0,26,0%,9.58
https://croud-travel.pages.dev/posts/187303/,0,26,0%,11.96
https://croud-travel.pages.dev/posts/hokkaido-spa-resort-hotels-guide/,0,26,0%,16.46
https://croud-travel.pages.dev/posts/14932/,0,26,0%,17.15
https://croud-travel.pages.dev/posts/autumn-kyushu-yufuin-bungogyu-hanare-guide/,0,26,0%,18.92
https://croud-travel.pages.dev/prefectures/nagasaki/,0,26,0%,33.27
https://croud-travel.pages.dev/prefectures/kagawa/,0,26,0%,38.27
https://croud-travel.pages.dev/posts/autumn-kagoshima-ibusuki-10selection,0,26,0%,46.19
https://croud-travel.pages.dev/posts/196738/,0,25,0%,7.64
https://croud-travel.pages.dev/posts/yu-kiroro-hokkaido-luxury-stay-guide,0,25,0%,16.96
https://croud-travel.pages.dev/posts/autumn-hyogo-awaji-10selection/,0,25,0%,25.4
https://croud-travel.pages.dev/posts/17528/,0,25,0%,25.84
https://croud-travel.pages.dev/posts/172568/,0,25,0%,26.2
https://croud-travel.pages.dev/posts/kumamoto-famous-things-gourmet-spots-guide,0,25,0%,34.6
https://croud-travel.pages.dev/posts/18726/,0,25,0%,36.64
https://croud-travel.pages.dev/posts/wood-burning-sauna-maki-stove-hotels-guide/,0,24,0%,6.42
https://croud-travel.pages.dev/posts/mie-famous-things-gourmet-spots-guide/,0,24,0%,10.62
https://croud-travel.pages.dev/posts/sake-brewery-pairing-gourmet-onsen-hotels-guide/,0,24,0%,17.58
https://croud-travel.pages.dev/prefectures/fukuoka/,0,24,0%,24.08
https://croud-travel.pages.dev/prefectures/gunma/,0,24,0%,24.58
https://croud-travel.pages.dev/posts/kashima-jingu-onsen-business-hotels-guide,0,24,0%,36.71
https://croud-travel.pages.dev/posts/nagano-onsen-ranking-hotels-guide/,0,24,0%,42.75
https://croud-travel.pages.dev/posts/9362/,0,23,0%,14.91
https://croud-travel.pages.dev/campaigns,0,23,0%,15.87
https://croud-travel.pages.dev/posts/4866/,0,23,0%,23
https://croud-travel.pages.dev/posts/hiroshima-city-peace-park-hotels-guide/,0,23,0%,26.17
https://croud-travel.pages.dev/posts/hokkaido-onsen-ranking-hotels-guide/,0,23,0%,32
https://croud-travel.pages.dev/prefectures/miyagi/souvenirs/,0,23,0%,32.87
https://croud-travel.pages.dev/posts/niigata-famous-things-gourmet-spots-guide/,0,23,0%,33.96
https://croud-travel.pages.dev/posts/autumn-hyogo-awaji-10selection,0,23,0%,40.39
https://croud-travel.pages.dev/posts/autumn-miyagi-naruko-10selection/,0,23,0%,41.48
https://croud-travel.pages.dev/posts/aomori-hotels-selection-guide,0,23,0%,45.7
https://croud-travel.pages.dev/posts/8907/,0,22,0%,7.64
https://croud-travel.pages.dev/posts/147118/,0,22,0%,15.68
https://croud-travel.pages.dev/posts/arima-onsen-hotels-guide/,0,22,0%,27
https://croud-travel.pages.dev/posts/resort-chiba-kamogawa-ocean-spa-luxury-guide/,0,22,0%,31.91
https://croud-travel.pages.dev/posts/akita-onsen-ranking-hotels-guide,0,22,0%,35.59
https://croud-travel.pages.dev/posts/autumn-hokkaido-shikotsu-10selection/,0,22,0%,38
https://croud-travel.pages.dev/posts/miyazaki-onsen-ranking-hotels-guide/,0,22,0%,39.68
https://croud-travel.pages.dev/posts/yamanashi-famous-things-gourmet-spots-guide/,0,22,0%,44.05
https://croud-travel.pages.dev/posts/aomori-hotels-selection-guide/,0,22,0%,44.18
https://croud-travel.pages.dev/posts/shimane-famous-sightseeing-gourmet-hotels-guide/,0,22,0%,46.23
https://croud-travel.pages.dev/posts/kagoshima-famous-things-gourmet-spots-guide,0,22,0%,48.68
https://croud-travel.pages.dev/posts/cable-car-incline-secret-hot-spring-hotels-guide/,0,21,0%,5.9
https://croud-travel.pages.dev/posts/hotel-luggage-storage-before-checkin-guide/,0,21,0%,6.81
https://croud-travel.pages.dev/posts/gero-suimeikan-guide/,0,21,0%,9.57
https://croud-travel.pages.dev/posts/tochigi-famous-things-gourmet-spots-guide/,0,21,0%,11.95
https://croud-travel.pages.dev/posts/30848/,0,21,0%,12.86
https://croud-travel.pages.dev/posts/822/,0,21,0%,13.19
https://croud-travel.pages.dev/posts/kochi-sansuien-onsen-castle-guide/,0,21,0%,18.76
https://croud-travel.pages.dev/posts/mt-fuji-view-lake-kawaguchi-onsen-hotels-guide/,0,21,0%,34.05
https://croud-travel.pages.dev/posts/nagasaki-onsen-ranking-hotels-guide/,0,21,0%,38.62
https://croud-travel.pages.dev/posts/autumn-kumamoto-kurokawa-10selection/,0,21,0%,41.43
https://croud-travel.pages.dev/posts/oita-onsen-ranking-hotels-guide/,0,21,0%,43.95
https://croud-travel.pages.dev/posts/yufuin-yunotsubo-street-walking-gourmet-guide/,0,20,0%,6.45
https://croud-travel.pages.dev/posts/shinkansen-station-direct-luxury-hotels-guide/,0,20,0%,7.05
https://croud-travel.pages.dev/posts/hikone-castle-omihachiman-hotels-guide/,0,20,0%,8.3
https://croud-travel.pages.dev/posts/obon-wakayama-lastminute-guide/,0,20,0%,9.8
https://croud-travel.pages.dev/travel-savings-guide/,0,20,0%,10.45
https://croud-travel.pages.dev/posts/149197/,0,20,0%,10.85
https://croud-travel.pages.dev/posts/9289/,0,20,0%,13.9
https://croud-travel.pages.dev/posts/129499/,0,20,0%,16.8
https://croud-travel.pages.dev/autumn-winter-sea-of-clouds/,0,20,0%,17.55
https://croud-travel.pages.dev/posts/autumn-koshinetsu-grape-gourmet-guide/,0,20,0%,21
https://croud-travel.pages.dev/posts/autumn-ehime-imabari-10selection/,0,20,0%,22.75
https://croud-travel.pages.dev/posts/yamanashi-hotels-selection-guide/,0,20,0%,24.2
https://croud-travel.pages.dev/posts/candeo-hotels-omiya-sky-spa-guide/,0,20,0%,25.4
https://croud-travel.pages.dev/posts/18232/,0,20,0%,27.4
https://croud-travel.pages.dev/posts/shiga-onsen-ranking-hotels-guide/,0,20,0%,33.8
https://croud-travel.pages.dev/posts/autumn-mie-ise-toba-10selection/,0,20,0%,38.55
https://croud-travel.pages.dev/posts/togurakamiyamada-uguisutei-onsen-guide/,0,20,0%,40.05
https://croud-travel.pages.dev/prefectures/nara/nara-city/,0,20,0%,40.9
https://croud-travel.pages.dev/posts/moor-hot-spring-plant-derived-humic-hotels-guide,0,19,0%,6.05
https://croud-travel.pages.dev/posts/charcoal-hearth-river-fish-sweetfish-trout-hotels-guide/,0,19,0%,7.47
https://croud-travel.pages.dev/posts/october-travel-city-naruko-osaki-kids-family-guide/,0,19,0%,7.84
https://croud-travel.pages.dev/posts/108575/,0,19,0%,16.47
https://croud-travel.pages.dev/posts/akiu-onsen-zuiho-indoor-pool-family-resort-hotels-guide/,0,19,0%,21.21
https://croud-travel.pages.dev/posts/181391/,0,19,0%,23.32
https://croud-travel.pages.dev/posts/kisokoma-forest-hotel-nagano-guide/,0,19,0%,29.68
https://croud-travel.pages.dev/posts/dot-glamping-fuji-guide/,0,19,0%,30.05
https://croud-travel.pages.dev/posts/nara-onsen-ranking-hotels-guide/,0,19,0%,34.47
https://croud-travel.pages.dev/posts/silver-week-all-inclusive-free-drinks-resort-hotels-guide/,0,18,0%,4.78
https://croud-travel.pages.dev/posts/kitakyushu-kokura-mojiko-hotels-guide/,0,18,0%,6.11
https://croud-travel.pages.dev/posts/october-travel-city-miyajima-kids-family-guide/,0,18,0%,7.89
https://croud-travel.pages.dev/posts/10789/,0,18,0%,9
https://croud-travel.pages.dev/posts/tottori-famous-things-gourmet-spots-guide/,0,18,0%,11.17
https://croud-travel.pages.dev/noto/,0,18,0%,12.61
https://croud-travel.pages.dev/posts/obon-fukuoka-lastminute-guide/,0,18,0%,13.72
https://croud-travel.pages.dev/posts/autumn-nikko-kinugawa-10selection/,0,18,0%,15.33
https://croud-travel.pages.dev/posts/151092/,0,18,0%,23.89
https://croud-travel.pages.dev/posts/deyu-onsen-oishiya-ryokan-guide/,0,18,0%,28.72
https://croud-travel.pages.dev/posts/biwako-matsunoura-bettei-pet-luxury-guide/,0,18,0%,30.22
https://croud-travel.pages.dev/posts/silverweek-popular-destinations-ranking-guide/,0,18,0%,33.56
https://croud-travel.pages.dev/posts/44251/,0,18,0%,38
https://croud-travel.pages.dev/posts/shiga-famous-things-gourmet-spots-guide/,0,18,0%,41.17
https://croud-travel.pages.dev/posts/hyogo-hotels-selection-guide/,0,18,0%,42.61
https://croud-travel.pages.dev/posts/992/,0,18,0%,43.83
https://croud-travel.pages.dev/posts/kochi-famous-things-gourmet-spots-guide,0,18,0%,54.83
https://croud-travel.pages.dev/posts/october-travel-city-takayama-kids-family-guide/,0,17,0%,8.35
https://croud-travel.pages.dev/furusato-tax-usj-osaka-official-partner-hotel-stay/,0,17,0%,8.82
https://croud-travel.pages.dev/posts/9484/,0,17,0%,9.59
https://croud-travel.pages.dev/posts/ishikawa-hotels-selection-guide/,0,17,0%,9.71
https://croud-travel.pages.dev/posts/october-travel-city-choshi-kujukuri-kids-family-guide/,0,17,0%,10.35
https://croud-travel.pages.dev/posts/aso-kadoman-guide/,0,17,0%,10.59
https://croud-travel.pages.dev/posts/atami-korakuen-hotel-guide/,0,17,0%,11.88
https://croud-travel.pages.dev/posts/ishikawa-famous-things-gourmet-spots-guide/,0,17,0%,16.06
https://croud-travel.pages.dev/posts/chiba-famous-things-gourmet-spots-guide,0,17,0%,18.53
https://croud-travel.pages.dev/prefectures/niigata/yuzawa,0,17,0%,19
https://croud-travel.pages.dev/posts/8661/,0,17,0%,21.24
https://croud-travel.pages.dev/posts/super-hotel-kashima-ibaraki-guide/,0,17,0%,23.47
https://croud-travel.pages.dev/posts/autumn-yamanashi-yatsugatake-10selection,0,17,0%,30.76
https://croud-travel.pages.dev/prefectures/shizuoka/,0,17,0%,39.59
https://croud-travel.pages.dev/posts/sukayu-onsen-thousand-people-bath-aomori-guide/,0,17,0%,42.24
https://croud-travel.pages.dev/posts/ibaraki-famous-things-gourmet-spots-guide/,0,17,0%,42.65
https://croud-travel.pages.dev/posts/151272/,0,16,0%,9.62
https://croud-travel.pages.dev/posts/5371/,0,16,0%,11.69
https://croud-travel.pages.dev/posts/silverweek-september-holiday-japan-travel-guide/,0,16,0%,11.81
https://croud-travel.pages.dev/posts/october-travel-city-hakone-kids-family-guide/,0,16,0%,13.56
https://croud-travel.pages.dev/posts/aso-plaza-hotel-onsen-guide/,0,16,0%,20.69
https://croud-travel.pages.dev/posts/akita-famous-things-gourmet-spots-guide/,0,16,0%,21.69
https://croud-travel.pages.dev/posts/106216/,0,16,0%,23.62
https://croud-travel.pages.dev/posts/echigo-yuzawa-family-kids-ski-onsen-hotels-guide/,0,16,0%,28.31
https://croud-travel.pages.dev/posts/autumn-hokkaido-noboribetsu-10selection/,0,16,0%,29.69
https://croud-travel.pages.dev/posts/fukui-hotels-selection-guide/,0,16,0%,31
https://croud-travel.pages.dev/spots/kashima-jingu/,0,16,0%,32.88
https://croud-travel.pages.dev/posts/saga-famous-things-gourmet-spots-guide/,0,16,0%,33.38
https://croud-travel.pages.dev/posts/hakone-hotel-okada-guide/,0,16,0%,39.38
https://croud-travel.pages.dev/posts/oita-hotels-selection-guide/,0,16,0%,39.69
https://croud-travel.pages.dev/posts/autumn-miyagi-sendai-akiu-10selection/,0,16,0%,44.62
https://croud-travel.pages.dev/posts/fuji-view-luxury-onsen-hotels-guide/,0,16,0%,49.44
https://croud-travel.pages.dev/posts/private-sauna-cold-bath-luxury-hotels-guide/,0,15,0%,6.6
https://croud-travel.pages.dev/posts/october-gifu-hida-10selection/,0,15,0%,6.73
https://croud-travel.pages.dev/posts/moor-hot-spring-plant-derived-humic-hotels-guide/,0,15,0%,8.67
https://croud-travel.pages.dev/posts/stargazing-celestial-night-sky-hot-spring-hotels-guide/,0,15,0%,8.87
https://croud-travel.pages.dev/osaka-travel-budget-guide/,0,15,0%,9.6
https://croud-travel.pages.dev/posts/8886/,0,15,0%,12.27
https://croud-travel.pages.dev/posts/autumn-yamanashi-yatsugatake-kiyosato-10selection/,0,15,0%,12.8
https://croud-travel.pages.dev/posts/75165/,0,15,0%,14.8
https://croud-travel.pages.dev/posts/radium-radon-cell-activation-metabolism-hotels-guide,0,15,0%,26.4
https://croud-travel.pages.dev/posts/okinawa-famous-things-gourmet-spots-guide/,0,15,0%,28
https://croud-travel.pages.dev/posts/saitama-onsen-ranking-hotels-guide,0,15,0%,31
https://croud-travel.pages.dev/posts/kochi-hotels-selection-guide/,0,15,0%,33.2
https://croud-travel.pages.dev/posts/toyama-hotels-selection-guide/,0,15,0%,33.6
https://croud-travel.pages.dev/prefectures/saitama/,0,15,0%,38.47
https://croud-travel.pages.dev/posts/furuyu-onsen-yamatoya-saga-guide/,0,15,0%,39.2
https://croud-travel.pages.dev/posts/nara-famous-things-gourmet-spots-guide/,0,15,0%,41.27
https://croud-travel.pages.dev/posts/autumn-hokkaido-noboribetsu-10selection,0,15,0%,48.27
https://croud-travel.pages.dev/prefectures/yamanashi/sakes/,0,15,0%,68.6
https://croud-travel.pages.dev/posts/104779/,0,14,0%,7.07
https://croud-travel.pages.dev/posts/jigokumushi-steam-onsen-gourmet-hotels-guide/,0,14,0%,7.14
https://croud-travel.pages.dev/posts/october-travel-city-nagoya-kids-family-guide/,0,14,0%,7.29
https://croud-travel.pages.dev/posts/october-travel-city-sado-niigata-kids-family-guide/,0,14,0%,8.21
https://croud-travel.pages.dev/posts/october-travel-city-kurokawa-oguni-kids-family-guide/,0,14,0%,8.93
https://croud-travel.pages.dev/posts/natural-carbonated-spring-sparkling-hotels-guide,0,14,0%,9.43
https://croud-travel.pages.dev/posts/setouchiso-kagawa-sakaide-guide/,0,14,0%,10.14
https://croud-travel.pages.dev/posts/tanigawa-senjuan-guide/,0,14,0%,10.93
https://croud-travel.pages.dev/posts/1691/,0,14,0%,11.14
https://croud-travel.pages.dev/posts/178912/,0,14,0%,13.29
https://croud-travel.pages.dev/posts/15481/,0,14,0%,18.14
https://croud-travel.pages.dev/posts/75267/,0,14,0%,21.71
https://croud-travel.pages.dev/posts/hakuba-stellabella-guide/,0,14,0%,25.43
https://croud-travel.pages.dev/posts/heated-infinity-onsen-pool-spa-resort-hotels-guide/,0,14,0%,25.71
https://croud-travel.pages.dev/prefectures/shiga/sakes/,0,14,0%,26.29
https://croud-travel.pages.dev/posts/toyama-onsen-ranking-hotels-guide,0,14,0%,32.36
https://croud-travel.pages.dev/posts/chiba-onsen-ranking-hotels-guide/,0,14,0%,33.14
https://croud-travel.pages.dev/posts/kanagawa-onsen-ranking-hotels-guide,0,14,0%,37.57
https://croud-travel.pages.dev/posts/autumn-chiba-tateyama-10selection,0,14,0%,39.43
https://croud-travel.pages.dev/posts/akita-onsen-ranking-hotels-guide/,0,14,0%,41.21
https://croud-travel.pages.dev/posts/196259/,0,14,0%,44.21
https://croud-travel.pages.dev/posts/gold-leaf-craft-artisan-experience-onsen-hotels-guide/,0,13,0%,5.62
https://croud-travel.pages.dev/posts/floating-breakfast-private-pool-villa-hotels-guide/,0,13,0%,6.23
https://croud-travel.pages.dev/posts/75375/,0,13,0%,6.69
https://croud-travel.pages.dev/posts/hakone-senkei-bekkan-guide/,0,13,0%,7.15
https://croud-travel.pages.dev/posts/172316/,0,13,0%,7.23
https://croud-travel.pages.dev/posts/cave-onsen-dokutsu-furo-japan-ranking-guide,0,13,0%,7.31
https://croud-travel.pages.dev/posts/70658/,0,13,0%,8.08
https://croud-travel.pages.dev/posts/wood-stove-firewood-chopping-forest-resort-hotels-guide/,0,13,0%,9.08
https://croud-travel.pages.dev/posts/bonsai-kokedama-moss-botanical-retreat-hotels-guide/,0,13,0%,9.31
https://croud-travel.pages.dev/posts/70297/,0,13,0%,9.92
https://croud-travel.pages.dev/posts/sake-pairing-local-brewery-onsen-hotels-guide/,0,13,0%,10
https://croud-travel.pages.dev/posts/191450/,0,13,0%,10.08
https://croud-travel.pages.dev/posts/18350/,0,13,0%,10.85
https://croud-travel.pages.dev/posts/kusatsu-sakurai-guide/,0,13,0%,10.85
https://croud-travel.pages.dev/posts/october-travel-city-tsuruoka-sakata-kids-family-guide/,0,13,0%,11.08
https://croud-travel.pages.dev/posts/8616/,0,13,0%,11.38
https://croud-travel.pages.dev/posts/nagahama-kurokabe-makino-lake-hotels-guide/,0,13,0%,12.69
https://croud-travel.pages.dev/posts/aomori-famous-things-gourmet-spots-guide/,0,13,0%,13
https://croud-travel.pages.dev/posts/october-travel-chiba-kids-family-guide/,0,13,0%,13
https://croud-travel.pages.dev/posts/8385/,0,13,0%,13.38
https://croud-travel.pages.dev/posts/october-travel-city-myoko-joetsu-kids-family-guide/,0,13,0%,14.31
https://croud-travel.pages.dev/posts/winery-stay-vineyard-resort-hotels-guide/,0,13,0%,14.62
https://croud-travel.pages.dev/posts/autumn-kanto-chiba-isobi-lobster-guide/,0,13,0%,15.69
https://croud-travel.pages.dev/posts/akan-onsen-roten-review-guide/,0,13,0%,17.85
https://croud-travel.pages.dev/posts/charcoal-hearth-matsuba-echizen-crab-hotels-guide/,0,13,0%,19.08
https://croud-travel.pages.dev/posts/nihon-sandai-meisen-arima-kusatsu-gero-hotels-guide/,0,13,0%,20.08
https://croud-travel.pages.dev/autumn-winter-hot-spring-cure/,0,13,0%,20.62
https://croud-travel.pages.dev/posts/theme-pet-friendly-dog-onsen-guide/,0,13,0%,26.31
https://croud-travel.pages.dev/posts/kochi-onsen-ranking-hotels-guide/,0,13,0%,34.77
https://croud-travel.pages.dev/posts/oita-hotels-selection-guide,0,13,0%,46.23
https://croud-travel.pages.dev/prefectures/saga/sakes/,0,13,0%,66.15
https://croud-travel.pages.dev/posts/fukushima-hotels-selection-guide,0,12,0%,6.58
https://croud-travel.pages.dev/posts/terraced-infinity-tanayu-onsen-hotels-guide/,0,12,0%,8
https://croud-travel.pages.dev/posts/50762/,0,12,0%,9.5
https://croud-travel.pages.dev/posts/63396/,0,12,0%,9.83
https://croud-travel.pages.dev/posts/obon-yamanashi-lastminute-guide/,0,12,0%,9.92
https://croud-travel.pages.dev/posts/9086/,0,12,0%,10.58
https://croud-travel.pages.dev/posts/october-travel-city-kesennuma-minamisanriku-kids-family-guide/,0,12,0%,10.58
https://croud-travel.pages.dev/posts/onsen-private-kashikiri-bath-free-guide/,0,12,0%,10.67
https://croud-travel.pages.dev/posts/183440/,0,12,0%,10.92
https://croud-travel.pages.dev/posts/hirugami-inaka-guide/,0,12,0%,11.75
https://croud-travel.pages.dev/posts/3165/,0,12,0%,12.92
https://croud-travel.pages.dev/posts/iwate-sake-famous-breweries-guide/,0,12,0%,13.42
https://croud-travel.pages.dev/posts/hyogo-famous-things-gourmet-spots-guide/,0,12,0%,14.25
https://croud-travel.pages.dev/posts/spring-vacation-family-pool-onsen-guide/,0,12,0%,15.67
https://croud-travel.pages.dev/posts/196554/,0,12,0%,17.58
https://croud-travel.pages.dev/posts/15060/,0,12,0%,18.33
https://croud-travel.pages.dev/posts/16719/,0,12,0%,19.08
https://croud-travel.pages.dev/posts/kagawa-famous-things-gourmet-spots-guide/,0,12,0%,21.25
https://croud-travel.pages.dev/posts/sauna-hotel-guide/,0,12,0%,26.75
https://croud-travel.pages.dev/prefectures/ibaraki/souvenirs/,0,12,0%,28.17
https://croud-travel.pages.dev/posts/hiroshima-onsen-ranking-hotels-guide/,0,12,0%,28.5
https://croud-travel.pages.dev/posts/saitama-onsen-ranking-hotels-guide/,0,12,0%,28.58
https://croud-travel.pages.dev/posts/1017/,0,12,0%,30.42
https://croud-travel.pages.dev/posts/fukushima-famous-things-gourmet-spots-guide,0,12,0%,33.17
https://croud-travel.pages.dev/posts/autumn-saga-ureshino-10selection/,0,12,0%,33.42
https://croud-travel.pages.dev/posts/111192/,0,12,0%,34.58
https://croud-travel.pages.dev/posts/yukiroro,0,12,0%,44
https://croud-travel.pages.dev/prefectures/yamagata/souvenirs/,0,12,0%,44
https://croud-travel.pages.dev/prefectures/hiroshima/sakes/,0,12,0%,45.83
https://croud-travel.pages.dev/spots/kashima-jingu,0,12,0%,52.5
https://croud-travel.pages.dev/posts/art-museum-design-concept-hotels-guide/,0,11,0%,9.36
https://croud-travel.pages.dev/posts/sea-of-clouds-terrace-panoramic-view-hotels-guide/,0,11,0%,9.91
https://croud-travel.pages.dev/posts/october-travel-city-himi-takaoka-kids-family-guide/,0,11,0%,10.18
https://croud-travel.pages.dev/posts/kawagoe-koedo-tokinokane-hotels-guide/,0,11,0%,10.45
https://croud-travel.pages.dev/posts/15432/,0,11,0%,10.64
https://croud-travel.pages.dev/posts/149190/,0,11,0%,10.91
https://croud-travel.pages.dev/posts/october-travel-city-kurayoshi-misasa-kids-family-guide/,0,11,0%,11.18
https://croud-travel.pages.dev/posts/october-travel-city-tambasasayama-sanda-kids-family-guide/,0,11,0%,11.82
https://croud-travel.pages.dev/posts/14626/,0,11,0%,12.09
https://croud-travel.pages.dev/posts/kyoto-hatoya-zuihokaku-hotspring-blog-guide/,0,11,0%,12.27
https://croud-travel.pages.dev/posts/nagatoro-yokotei-guide/,0,11,0%,13
https://croud-travel.pages.dev/posts/naoshima-teshima-art-islands-hotels-guide/,0,11,0%,13.18
https://croud-travel.pages.dev/posts/oyu-hotel-kazuno-guide/,0,11,0%,13.36
https://croud-travel.pages.dev/posts/kansai-glamping-onsen-dome-tent-guide/,0,11,0%,13.55
https://croud-travel.pages.dev/posts/autumn-yamanashi-shusen-10selection/,0,11,0%,13.64
https://croud-travel.pages.dev/posts/naruto-uzushio-otsuka-museum-hotels-guide/,0,11,0%,14.91
https://croud-travel.pages.dev/posts/fukushima-famous-things-gourmet-spots-guide/,0,11,0%,17.27
https://croud-travel.pages.dev/posts/179199/,0,11,0%,19
https://croud-travel.pages.dev/posts/adults-only-luxury-quiet-retreat-hotels-guide/,0,11,0%,21.36
https://croud-travel.pages.dev/posts/sasebo-huistenbosch-hotels-guide/,0,11,0%,21.64
https://croud-travel.pages.dev/posts/chichibu-onsen-ryokan-guide/,0,11,0%,21.73
https://croud-travel.pages.dev/prefectures/kyoto/,0,11,0%,24.27
https://croud-travel.pages.dev/furusato-tax-tokyo-disney-resort-official-hotel-stay/,0,11,0%,25.82
https://croud-travel.pages.dev/posts/resort-oita-yufuin-bungogyu-asagiri-guide/,0,11,0%,26.45
https://croud-travel.pages.dev/prefectures/nara/nara-city,0,11,0%,29
https://croud-travel.pages.dev/posts/autumn-isikawa-wakura-noto-10selection/,0,11,0%,33.73
https://croud-travel.pages.dev/posts/yamagata-onsen-ranking-hotels-guide/,0,11,0%,34.09
https://croud-travel.pages.dev/posts/tottori-hotels-selection-guide,0,11,0%,34.45
https://croud-travel.pages.dev/posts/shizuoka-hotels-selection-guide/,0,11,0%,36.27
https://croud-travel.pages.dev/posts/wakayama-onsen-ranking-hotels-guide/,0,11,0%,39.45
https://croud-travel.pages.dev/posts/autumn-hokkaido-jozankei-10selection,0,11,0%,39.55
https://croud-travel.pages.dev/posts/tochigi-onsen-ranking-hotels-guide/,0,11,0%,41.45
https://croud-travel.pages.dev/posts/kamogawa_seaworld_hotel,0,11,0%,44.27
https://croud-travel.pages.dev/posts/135575/,0,11,0%,45.45
https://croud-travel.pages.dev/posts/niigata-onsen-ranking-hotels-guide/,0,11,0%,45.91
https://croud-travel.pages.dev/posts/ibusuki-hakusuikan-guide/,0,11,0%,49.91
https://croud-travel.pages.dev/prefectures/ibaraki/sakes,0,11,0%,62.18
https://croud-travel.pages.dev/posts/183933/,0,10,0%,5
https://croud-travel.pages.dev/posts/rakuten-travel-5-0-day-coupon-strategy-guide/,0,10,0%,5.8
https://croud-travel.pages.dev/posts/starry-sky-night-tour-astronomy-hotels-guide/,0,10,0%,6.7
https://croud-travel.pages.dev/posts/october-travel-hokkaido-kids-family-guide/,0,10,0%,7.7
https://croud-travel.pages.dev/posts/192332/,0,10,0%,7.9
https://croud-travel.pages.dev/posts/187386/,0,10,0%,8.6
https://croud-travel.pages.dev/posts/october-travel-city-nakatsugawa-ena-kids-family-guide/,0,10,0%,8.6
https://croud-travel.pages.dev/posts/october-travel-ishikawa-kids-family-guide/,0,10,0%,9.1
https://croud-travel.pages.dev/posts/october-travel-city-nasu-kids-family-guide/,0,10,0%,9.4
https://croud-travel.pages.dev/posts/silverweek-girls-trip-guide/,0,10,0%,9.6
https://croud-travel.pages.dev/posts/2098/,0,10,0%,9.9
https://croud-travel.pages.dev/posts/189157/,0,10,0%,10.1
https://croud-travel.pages.dev/posts/oga-grand-hotel-guide/,0,10,0%,10.5
https://croud-travel.pages.dev/posts/192982/,0,10,0%,10.7
https://croud-travel.pages.dev/posts/27791/,0,10,0%,11
https://croud-travel.pages.dev/posts/30888/,0,10,0%,11.6
https://croud-travel.pages.dev/posts/hayashiya-honkan-aizu-onsen-guide/,0,10,0%,11.6
https://croud-travel.pages.dev/posts/october-travel-city-imabari-shimanami-kids-family-guide/,0,10,0%,12.7
https://croud-travel.pages.dev/posts/177508/,0,10,0%,12.9
https://croud-travel.pages.dev/posts/obon-okinawa-lastminute-guide/,0,10,0%,13.1
https://croud-travel.pages.dev/posts/ikaho-kogure-guide/,0,10,0%,14.3
https://croud-travel.pages.dev/posts/84592/,0,10,0%,14.7
https://croud-travel.pages.dev/posts/autumn-hokkaido-sapporo-otaru-10selection/,0,10,0%,15.6
https://croud-travel.pages.dev/posts/hakone-kajikaso-guide/,0,10,0%,15.9
https://croud-travel.pages.dev/posts/kurokawa-onsen-ryokan-guide/,0,10,0%,16.4
https://croud-travel.pages.dev/posts/147499/,0,10,0%,19.2
https://croud-travel.pages.dev/posts/nagasaki-famous-things-gourmet-spots-guide/,0,10,0%,20.1
https://croud-travel.pages.dev/posts/kochi-sansuien-castle-history-tataki-guide,0,10,0%,21
https://croud-travel.pages.dev/posts/hotel-king-bed-hollywood-twin-guide/,0,10,0%,21.5
https://croud-travel.pages.dev/posts/shimane-hotels-selection-guide/,0,10,0%,21.6
https://croud-travel.pages.dev/posts/pool-resort-hotel-guide/,0,10,0%,22.9
https://croud-travel.pages.dev/posts/october-travel-city-miyakojima-kids-family-guide/,0,10,0%,23.3
https://croud-travel.pages.dev/posts/5748/,0,10,0%,23.6
https://croud-travel.pages.dev/posts/autumn-saga-ureskino-10selection/,0,10,0%,24.4
https://croud-travel.pages.dev/posts/40046/,0,10,0%,24.5
https://croud-travel.pages.dev/posts/hakone-shogetsu-guide/,0,10,0%,24.7
https://croud-travel.pages.dev/posts/autumn-shizuoka-ito-atami-10selection,0,10,0%,25.7
https://croud-travel.pages.dev/posts/shima-kaigen-guide/,0,10,0%,26
https://croud-travel.pages.dev/posts/fukui-famous-things-gourmet-spots-guide/,0,10,0%,27
https://croud-travel.pages.dev/posts/aomori-famous-things-gourmet-spots-guide,0,10,0%,27.1
https://croud-travel.pages.dev/posts/gero-famous-things-gourmet-hotels-guide/,0,10,0%,27.3
https://croud-travel.pages.dev/posts/arashiyama-sagano-hotels-guide/,0,10,0%,34.7
https://croud-travel.pages.dev/posts/tokushima-hotels-selection-guide,0,10,0%,40.2
https://croud-travel.pages.dev/posts/gifu-hotels-selection-guide/,0,10,0%,40.3
https://croud-travel.pages.dev/prefectures/nagano/sakes/,0,10,0%,65.7
https://croud-travel.pages.dev/posts/nanyo-uwajima-ozu-uchiko-hotels-guide/,0,9,0%,4.11
https://croud-travel.pages.dev/posts/hotel-smart-tv-youtube-netflix-guide/,0,9,0%,4.56
https://croud-travel.pages.dev/posts/obon-tochigi-lastminute-guide/,0,9,0%,5.22
https://croud-travel.pages.dev/posts/bakery-artisan-bread-classic-resort-hotels-guide/,0,9,0%,5.33
https://croud-travel.pages.dev/posts/october-travel-city-tsuruga-mikatagoko-kids-family-guide/,0,9,0%,6.22
https://croud-travel.pages.dev/posts/kochi-sansuien-riverside-hotel-guide/,0,9,0%,6.67
https://croud-travel.pages.dev/posts/acidic-antiseptic-tightening-hot-spring-hotels-guide/,0,9,0%,6.78
https://croud-travel.pages.dev/posts/autumn-tottori-kaike-10selection/,0,9,0%,6.78
https://croud-travel.pages.dev/posts/162778/,0,9,0%,7.11
https://croud-travel.pages.dev/posts/october-travel-city-suwa-chino-kids-family-guide/,0,9,0%,7.11
https://croud-travel.pages.dev/posts/fireworks-view-room-lake-bay-hotels-guide/,0,9,0%,7.22
https://croud-travel.pages.dev/posts/relatives-group-travel-family-onsen-hotels-guide/,0,9,0%,7.22
https://croud-travel.pages.dev/posts/140978/,0,9,0%,7.44
https://croud-travel.pages.dev/posts/187585/,0,9,0%,7.78
https://croud-travel.pages.dev/posts/october-travel-city-numata-kawaba-kids-family-guide/,0,9,0%,7.89
https://croud-travel.pages.dev/posts/zen-meditation-shukubo-temple-retreat-hotels-guide/,0,9,0%,8.11
https://croud-travel.pages.dev/posts/bicarbonate-cleansing-smooth-skin-beauty-hotels-guide/,0,9,0%,8.22
https://croud-travel.pages.dev/posts/rickshaw-taisho-roman-kimono-onsen-hotels-guide/,0,9,0%,8.33
https://croud-travel.pages.dev/posts/chichibu-noen-hotel-guide/,0,9,0%,9
https://croud-travel.pages.dev/prefectures/aichi/sakes/,0,9,0%,9
https://croud-travel.pages.dev/posts/yunoyama-wellness-suzukaji-guide/,0,9,0%,9.44
https://croud-travel.pages.dev/posts/bonfire-wood-chopping-nature-resort-hotels-guide/,0,9,0%,9.56
https://croud-travel.pages.dev/posts/disney-hotels-api-guide/,0,9,0%,9.67
https://croud-travel.pages.dev/posts/158613/,0,9,0%,9.89
https://croud-travel.pages.dev/posts/161010/,0,9,0%,10
https://croud-travel.pages.dev/posts/oga-prince-hotel-guide/,0,9,0%,10.11
https://croud-travel.pages.dev/posts/october-travel-city-fujikawaguchiko-kids-family-guide/,0,9,0%,10.56
https://croud-travel.pages.dev/posts/kanagawa-famous-things-gourmet-spots-guide/,0,9,0%,10.67
https://croud-travel.pages.dev/posts/october-travel-city-munakata-fukutsu-kids-family-guide/,0,9,0%,10.67
https://croud-travel.pages.dev/posts/hotel-late-night-checkin-24h-guide/,0,9,0%,10.89
https://croud-travel.pages.dev/posts/5573/,0,9,0%,11
https://croud-travel.pages.dev/posts/65974/,0,9,0%,11.22
https://croud-travel.pages.dev/posts/11130/,0,9,0%,11.33
https://croud-travel.pages.dev/posts/fukushima-famous-kitakata-aizu-sake-hotels-guide/,0,9,0%,11.56
https://croud-travel.pages.dev/posts/kuji-amachan-short-horn-beef-hotels-guide/,0,9,0%,11.89
https://croud-travel.pages.dev/posts/october-travel-city-kanazawa-kids-family-guide/,0,9,0%,11.89
https://croud-travel.pages.dev/posts/ibusuki-vs-kirishima-kagoshima-onsen-guide,0,9,0%,12.44
https://croud-travel.pages.dev/posts/hokkaido-famous-things-gourmet-spots-guide,0,9,0%,13.11
https://croud-travel.pages.dev/posts/129976/,0,9,0%,15.33
https://croud-travel.pages.dev/posts/5012/,0,9,0%,16.11
https://croud-travel.pages.dev/posts/october-travel-city-kinosaki-toyooka-kids-family-guide/,0,9,0%,16.22
https://croud-travel.pages.dev/posts/autumn-chiba-tateyama-10selection/,0,9,0%,17.78
https://croud-travel.pages.dev/posts/149268/,0,9,0%,17.89
https://croud-travel.pages.dev/posts/silverweek-kodomozure-travel-guide/,0,9,0%,18.56
https://croud-travel.pages.dev/posts/hiroshima-famous-things-gourmet-spots-guide,0,9,0%,19
https://croud-travel.pages.dev/posts/kashima-jingu-onsen-business-hotels-guide/,0,9,0%,19
https://croud-travel.pages.dev/prefectures/oita/,0,9,0%,19
https://croud-travel.pages.dev/posts/kumamoto-city-castle-hotels-guide/,0,9,0%,22
https://croud-travel.pages.dev/usj-family-hotel-near-osaka-guide/,0,9,0%,25.44
https://croud-travel.pages.dev/posts/shibu-kanaguya-guide/,0,9,0%,26.22
https://croud-travel.pages.dev/posts/shiga-onsen-ranking-hotels-guide,0,9,0%,26.56
https://croud-travel.pages.dev/posts/kochi-hotels-selection-guide,0,9,0%,30.56
https://croud-travel.pages.dev/posts/autumn-iwate-towada-10selection/,0,9,0%,30.78
https://croud-travel.pages.dev/posts/noto-hotels-selection-guide,0,9,0%,33.56
https://croud-travel.pages.dev/posts/fuji-glamping-sauna-private-view-guide/,0,9,0%,58.89
https://croud-travel.pages.dev/posts/108908/,0,8,0%,5.12
https://croud-travel.pages.dev/posts/charcoal-hearth-gibier-mountain-cuisine-onsen-hotels-guide/,0,8,0%,6.62
https://croud-travel.pages.dev/posts/142606/,0,8,0%,7.38
https://croud-travel.pages.dev/posts/184279/,0,8,0%,7.5
https://croud-travel.pages.dev/posts/165797/,0,8,0%,7.75
https://croud-travel.pages.dev/furusato-tax-hoshino-resorts-risonare-family-stay/,0,8,0%,7.88
https://croud-travel.pages.dev/posts/chiba-famous-things-gourmet-spots-guide/,0,8,0%,7.88
https://croud-travel.pages.dev/posts/kochi-famous-things-gourmet-spots-guide/,0,8,0%,8
https://croud-travel.pages.dev/posts/7056/,0,8,0%,8.25
https://croud-travel.pages.dev/posts/9211/,0,8,0%,8.25
https://croud-travel.pages.dev/posts/october-travel-city-amakusa-kids-family-guide/,0,8,0%,8.62
https://croud-travel.pages.dev/posts/1516/,0,8,0%,8.88
https://croud-travel.pages.dev/posts/yatsugatake-kiyosato-starry-sky-highland-hotels-guide/,0,8,0%,8.88
https://croud-travel.pages.dev/posts/14013/,0,8,0%,9
https://croud-travel.pages.dev/posts/183359/,0,8,0%,9.12
https://croud-travel.pages.dev/posts/awara-onsen-mikuni-hotels-guide/,0,8,0%,9.12
https://croud-travel.pages.dev/posts/charcoal-hearth-fresh-oyster-coastal-hotels-guide/,0,8,0%,9.5
https://croud-travel.pages.dev/posts/107843/,0,8,0%,9.62
https://croud-travel.pages.dev/posts/181296/,0,8,0%,9.62
https://croud-travel.pages.dev/posts/bandaiatami-asakasou-guide/,0,8,0%,9.62
https://croud-travel.pages.dev/posts/ryokan-ohashi-misasa-tottori-guide/,0,8,0%,9.75
https://croud-travel.pages.dev/posts/autumn-kyoto-ujiyodo-10selection,0,8,0%,9.88
https://croud-travel.pages.dev/posts/168728/,0,8,0%,10.38
https://croud-travel.pages.dev/posts/151232/,0,8,0%,10.5
https://croud-travel.pages.dev/posts/31206/,0,8,0%,10.5
https://croud-travel.pages.dev/posts/winter-newyear-onsen-reservation-guide/,0,8,0%,10.62
https://croud-travel.pages.dev/posts/4931/,0,8,0%,10.88
https://croud-travel.pages.dev/posts/yunoko-onsen-matsubaraso-kumamoto-guide,0,8,0%,11.38
https://croud-travel.pages.dev/posts/fujigoko-kawaguchiko-yamanakako-hotels-guide/,0,8,0%,11.62
https://croud-travel.pages.dev/posts/29246/,0,8,0%,12.12
https://croud-travel.pages.dev/posts/minamoto-ryokan-isawa-onsen-guide/,0,8,0%,12.12
https://croud-travel.pages.dev/posts/sunset-ocean-view-coastal-onsen-hotels-guide/,0,8,0%,13
https://croud-travel.pages.dev/posts/ocean-view-infinity-onsen-open-air-bath-hotels-guide/,0,8,0%,13.75
https://croud-travel.pages.dev/posts/30938/,0,8,0%,14.88
https://croud-travel.pages.dev/posts/9691/,0,8,0%,15
https://croud-travel.pages.dev/posts/39501/,0,8,0%,15.75
https://croud-travel.pages.dev/posts/october-travel-city-urabandai-bandai-kids-family-guide/,0,8,0%,17
https://croud-travel.pages.dev/posts/kanto-family-onsen-pool-spa-hotels-guide/,0,8,0%,18.38
https://croud-travel.pages.dev/posts/minobusan-kuonji-shimobe-onsen-hotels-guide/,0,8,0%,18.5
https://croud-travel.pages.dev/posts/kinugawa-asaya-hotel-guide/,0,8,0%,21
https://croud-travel.pages.dev/posts/inishie_no_yado_kei/,0,8,0%,21.88
https://croud-travel.pages.dev/posts/oga-hotel-guide/,0,8,0%,21.88
https://croud-travel.pages.dev/prefectures/shiga/souvenirs/,0,8,0%,22.38
https://croud-travel.pages.dev/posts/obon-mie-lastminute-guide/,0,8,0%,22.62
https://croud-travel.pages.dev/posts/november-hiroshima-miyajima-10selection/,0,8,0%,23.38
https://croud-travel.pages.dev/posts/184090/,0,8,0%,24.75
https://croud-travel.pages.dev/posts/naruko-onsen-kyuto-yumeguri-retro-ryokan-guide/,0,8,0%,24.88
https://croud-travel.pages.dev/posts/nikko-senhime-guide,0,8,0%,24.88
https://croud-travel.pages.dev/posts/gunma-famous-things-gourmet-spots-guide,0,8,0%,26.62
https://croud-travel.pages.dev/posts/autumn-kyushu-iseebi-gourmet-guide/,0,8,0%,30.62
https://croud-travel.pages.dev/posts/aomori-city-nebuta-asamushi-onsen-hotels-guide/,0,8,0%,32.12
https://croud-travel.pages.dev/posts/autumn-kyoto-arashiyama-10selection,0,8,0%,33.25
https://croud-travel.pages.dev/posts/autumn-aomori-towada-oirase-10selection/,0,8,0%,39.62
https://croud-travel.pages.dev/posts/kusatsu_now_resort/,0,8,0%,44.25
https://croud-travel.pages.dev/posts/tokushima-hotels-selection-guide/,0,8,0%,45.62
https://croud-travel.pages.dev/posts/luxury-glamping-private-sauna-villa-hotels-guide/,0,8,0%,72
https://croud-travel.pages.dev/posts/2099/,0,7,0%,4.29
https://croud-travel.pages.dev/posts/castle-view-tenshukaku-historic-onsen-hotels-guide/,0,7,0%,4.57
https://croud-travel.pages.dev/posts/80553/,0,7,0%,5.14
https://croud-travel.pages.dev/posts/atami-oceanview-hotel-guide/,0,7,0%,5.29
https://croud-travel.pages.dev/posts/yamagata-hotels-selection-guide/,0,7,0%,5.57
https://croud-travel.pages.dev/posts/bouldering-sauna-activity-hotel-guide,0,7,0%,6.14
https://croud-travel.pages.dev/posts/mt-fuji-view-lake-side-luxury-resort-hotels-guide/,0,7,0%,6.43
https://croud-travel.pages.dev/posts/ishikawa-hotels-selection-guide,0,7,0%,6.57
https://croud-travel.pages.dev/posts/a5-brand-wagyu-beef-kaiseki-onsen-hotels-guide,0,7,0%,7.14
https://croud-travel.pages.dev/posts/luxury-anniversary-infinity-pool-hotels-guide/,0,7,0%,7.29
https://croud-travel.pages.dev/posts/akita-kiritanpo-hinai-chicken-winter-onsen-hotels-guide/,0,7,0%,7.57
https://croud-travel.pages.dev/posts/october-travel-city-atami-ito-kids-family-guide/,0,7,0%,7.57
https://croud-travel.pages.dev/posts/silverweek-themepark-resort-guide,0,7,0%,7.86
https://croud-travel.pages.dev/posts/scenic-sightseeing-train-railway-onsen-hotels-guide/,0,7,0%,8.14
https://croud-travel.pages.dev/posts/80513/,0,7,0%,8.43
https://croud-travel.pages.dev/posts/autumn-hokuriku-sweet-shrimp-guide/,0,7,0%,8.43
https://croud-travel.pages.dev/posts/144969/,0,7,0%,8.57
https://croud-travel.pages.dev/posts/187178/,0,7,0%,8.86
https://croud-travel.pages.dev/posts/hotel-hair-dryer-bring-in-voltage-guide/,0,7,0%,8.86
https://croud-travel.pages.dev/posts/17757/,0,7,0%,9
https://croud-travel.pages.dev/posts/aso-plaza-hotel-review-guide/,0,7,0%,9.14
https://croud-travel.pages.dev/posts/echigo-yuzawa-onsen-private-bath-hotels-guide/,0,7,0%,9.29
https://croud-travel.pages.dev/posts/129557/,0,7,0%,9.57
https://croud-travel.pages.dev/posts/atami-shukaen-guide/,0,7,0%,9.57
https://croud-travel.pages.dev/posts/69377/,0,7,0%,10
https://croud-travel.pages.dev/posts/okinawa-isolated-island-blue-beach-resort-hotels-guide/,0,7,0%,10.14
https://croud-travel.pages.dev/posts/october-travel-city-hachioji-takao-kids-family-guide/,0,7,0%,10.43
https://croud-travel.pages.dev/posts/158571/,0,7,0%,10.57
https://croud-travel.pages.dev/posts/autumn-chugoku-crab-gourmet-guide/,0,7,0%,10.57
https://croud-travel.pages.dev/posts/hakone-mikawaya-guide/,0,7,0%,10.57
https://croud-travel.pages.dev/posts/6100/,0,7,0%,10.71
https://croud-travel.pages.dev/posts/shimanami-kaido-view-onsen-hotels-imabari-guide/,0,7,0%,11.14
https://croud-travel.pages.dev/posts/68139/,0,7,0%,11.57
https://croud-travel.pages.dev/posts/nagoya-station-sakae-hotels-guide/,0,7,0%,11.86
https://croud-travel.pages.dev/posts/oga-manseikaku-part30-guide/,0,7,0%,11.86
https://croud-travel.pages.dev/posts/107661/,0,7,0%,12.14
https://croud-travel.pages.dev/posts/silverweek-gourmet-travel-guide/,0,7,0%,12.14
https://croud-travel.pages.dev/posts/183892/,0,7,0%,12.29
https://croud-travel.pages.dev/posts/29274/,0,7,0%,12.71
https://croud-travel.pages.dev/posts/12682/,0,7,0%,12.86
https://croud-travel.pages.dev/posts/hanamaki-onsen-rose-bath-kenji-guide/,0,7,0%,13.57
https://croud-travel.pages.dev/posts/180416/,0,7,0%,14.29
https://croud-travel.pages.dev/posts/kirishima-onsen-myoken-hotels-guide/,0,7,0%,14.29
https://croud-travel.pages.dev/posts/aso-asonoyu-guide/,0,7,0%,14.57
https://croud-travel.pages.dev/posts/izunagaoka-tenbo-guide/,0,7,0%,15.14
https://croud-travel.pages.dev/posts/yunoyama-sai-koyo-part30-guide/,0,7,0%,15.43
https://croud-travel.pages.dev/posts/autumn-chiba-kamogawa-katsuura-10selection/,0,7,0%,16.43
https://croud-travel.pages.dev/posts/54127/,0,7,0%,18.43
https://croud-travel.pages.dev/posts/kusatsu-all-hotspring-sources-ryokan-hotels-guide,0,7,0%,18.71
https://croud-travel.pages.dev/posts/ligare-kasugano-nara-park-todaiji-guide/,0,7,0%,18.86
https://croud-travel.pages.dev/posts/katayamazu-kasuiko-guide/,0,7,0%,20.71